<?xml version="1.0" encoding="UTF-8"?>
<Flow xmlns="http://soap.sforce.com/2006/04/metadata">
    <apiVersion>65.0</apiVersion>
    <areMetricsLoggedToDataCloud>false</areMetricsLoggedToDataCloud>
    <assignments>
        <name>Add_comma</name>
        <label>Add comma</label>
        <locationX>0</locationX>
        <locationY>0</locationY>
        <assignmentItems>
            <assignToReference>MeaningfulInteractionsCollectionJson</assignToReference>
            <operator>Add</operator>
            <value>
                <stringValue>,</stringValue>
            </value>
        </assignmentItems>
        <connector>
            <targetReference>Assigning_Meaningful_Interactions</targetReference>
        </connector>
    </assignments>
    <assignments>
        <name>Add_comma_client_service</name>
        <label>Add comma - client service</label>
        <locationX>0</locationX>
        <locationY>0</locationY>
        <assignmentItems>
            <assignToReference>ClientServiceInteractionCollectionJson</assignToReference>
            <operator>Add</operator>
            <value>
                <stringValue>,</stringValue>
            </value>
        </assignmentItems>
        <connector>
            <targetReference>Assigning_Client_Service_Interactions</targetReference>
        </connector>
    </assignments>
    <assignments>
        <description>Assigning the interactions with interaction purpose is client service</description>
        <name>Assigning_Client_Service_Interactions</name>
        <label>Assigning Client Service Interactions</label>
        <locationX>0</locationX>
        <locationY>0</locationY>
        <assignmentItems>
            <assignToReference>ClientServiceInteractionCollectionJson</assignToReference>
            <operator>Add</operator>
            <value>
                <stringValue>{ &quot;Id&quot;:&quot;</stringValue>
            </value>
        </assignmentItems>
        <assignmentItems>
            <assignToReference>ClientServiceInteractionCollectionJson</assignToReference>
            <operator>Add</operator>
            <value>
                <elementReference>Looping_Interaction_Records.Id</elementReference>
            </value>
        </assignmentItems>
        <assignmentItems>
            <assignToReference>ClientServiceInteractionCollectionJson</assignToReference>
            <operator>Add</operator>
            <value>
                <stringValue>&quot;,&quot;Subject&quot;:&quot;</stringValue>
            </value>
        </assignmentItems>
        <assignmentItems>
            <assignToReference>ClientServiceInteractionCollectionJson</assignToReference>
            <operator>Add</operator>
            <value>
                <elementReference>Looping_Interaction_Records.Subject</elementReference>
            </value>
        </assignmentItems>
        <assignmentItems>
            <assignToReference>ClientServiceInteractionCollectionJson</assignToReference>
            <operator>Add</operator>
            <value>
                <stringValue>&quot;,&quot;Description&quot;:&quot;</stringValue>
            </value>
        </assignmentItems>
        <assignmentItems>
            <assignToReference>ClientServiceInteractionCollectionJson</assignToReference>
            <operator>Add</operator>
            <value>
                <elementReference>Looping_Interaction_Records.Description</elementReference>
            </value>
        </assignmentItems>
        <assignmentItems>
            <assignToReference>ClientServiceInteractionCollectionJson</assignToReference>
            <operator>Add</operator>
            <value>
                <stringValue>&quot;}</stringValue>
            </value>
        </assignmentItems>
        <connector>
            <targetReference>Looping_Interaction_Records</targetReference>
        </connector>
    </assignments>
    <assignments>
        <description>Assigning meaningful interactions to collection variable</description>
        <name>Assigning_Meaningful_Interactions</name>
        <label>Assigning Meaningful Interactions</label>
        <locationX>0</locationX>
        <locationY>0</locationY>
        <assignmentItems>
            <assignToReference>MeaningfulInteractionsCollectionJson</assignToReference>
            <operator>Add</operator>
            <value>
                <stringValue>{ &quot;Id&quot;:&quot;</stringValue>
            </value>
        </assignmentItems>
        <assignmentItems>
            <assignToReference>MeaningfulInteractionsCollectionJson</assignToReference>
            <operator>Add</operator>
            <value>
                <elementReference>Looping_Interaction_Records.Id</elementReference>
            </value>
        </assignmentItems>
        <assignmentItems>
            <assignToReference>MeaningfulInteractionsCollectionJson</assignToReference>
            <operator>Add</operator>
            <value>
                <stringValue>&quot;,&quot;Subject&quot;:&quot;</stringValue>
            </value>
        </assignmentItems>
        <assignmentItems>
            <assignToReference>MeaningfulInteractionsCollectionJson</assignToReference>
            <operator>Add</operator>
            <value>
                <elementReference>Looping_Interaction_Records.Subject</elementReference>
            </value>
        </assignmentItems>
        <assignmentItems>
            <assignToReference>MeaningfulInteractionsCollectionJson</assignToReference>
            <operator>Add</operator>
            <value>
                <stringValue>&quot;,&quot;Description&quot;:&quot;</stringValue>
            </value>
        </assignmentItems>
        <assignmentItems>
            <assignToReference>MeaningfulInteractionsCollectionJson</assignToReference>
            <operator>Add</operator>
            <value>
                <elementReference>Looping_Interaction_Records.Description</elementReference>
            </value>
        </assignmentItems>
        <assignmentItems>
            <assignToReference>MeaningfulInteractionsCollectionJson</assignToReference>
            <operator>Add</operator>
            <value>
                <stringValue>&quot;}</stringValue>
            </value>
        </assignmentItems>
        <connector>
            <targetReference>Checking_for_Interaction_Purpose</targetReference>
        </connector>
    </assignments>
    <assignments>
        <description>Assigning Primary Party Account ID for fetching Interaction records</description>
        <name>Assigning_Primary_Party_Account_ID</name>
        <label>Assigning Primary Party Account ID</label>
        <locationX>0</locationX>
        <locationY>0</locationY>
        <assignmentItems>
            <assignToReference>HouseholdPartyIDs</assignToReference>
            <operator>Add</operator>
            <value>
                <elementReference>Fetch_Primary_Party.Id</elementReference>
            </value>
        </assignmentItems>
        <connector>
            <targetReference>Fetching_Event_Records</targetReference>
        </connector>
    </assignments>
    <assignments>
        <description>Assigning the Account IDs to a collection variable</description>
        <name>Assigning_the_Account_IDs_to_a_collection_variable</name>
        <label>Assigning the Account IDs to a collection variable</label>
        <locationX>0</locationX>
        <locationY>0</locationY>
        <assignmentItems>
            <assignToReference>HouseholdPartyIDs</assignToReference>
            <operator>Add</operator>
            <value>
                <elementReference>Looping_the_related_Parties.Id</elementReference>
            </value>
        </assignmentItems>
        <connector>
            <targetReference>Looping_the_related_Parties</targetReference>
        </connector>
    </assignments>
    <assignments>
        <description>Assigning the closing for Interactions payload JSON</description>
        <name>Finalize_Interactions_JSON_String</name>
        <label>Finalize Interactions JSON String</label>
        <locationX>0</locationX>
        <locationY>0</locationY>
        <assignmentItems>
            <assignToReference>MeaningfulInteractionsCollectionJson</assignToReference>
            <operator>Add</operator>
            <value>
                <stringValue>]</stringValue>
            </value>
        </assignmentItems>
        <assignmentItems>
            <assignToReference>ClientServiceInteractionCollectionJson</assignToReference>
            <operator>Add</operator>
            <value>
                <stringValue>]</stringValue>
            </value>
        </assignmentItems>
    </assignments>
    <assignments>
        <name>Initialize_Interactions_Json_String</name>
        <label>Initialize Interactions Json String</label>
        <locationX>0</locationX>
        <locationY>0</locationY>
        <assignmentItems>
            <assignToReference>MeaningfulInteractionsCollectionJson</assignToReference>
            <operator>Assign</operator>
            <value>
                <stringValue>[</stringValue>
            </value>
        </assignmentItems>
        <assignmentItems>
            <assignToReference>ClientServiceInteractionCollectionJson</assignToReference>
            <operator>Assign</operator>
            <value>
                <stringValue>[</stringValue>
            </value>
        </assignmentItems>
        <connector>
            <targetReference>Looping_Interaction_Records</targetReference>
        </connector>
    </assignments>
    <assignments>
        <name>Set_FirstLoopProcessed_as_true_Client_Service</name>
        <label>Set FirstLoopProcessed as true - Client Service</label>
        <locationX>0</locationX>
        <locationY>0</locationY>
        <assignmentItems>
            <assignToReference>ClientServiceInteractionsFirstLoopProcessed</assignToReference>
            <operator>Assign</operator>
            <value>
                <booleanValue>true</booleanValue>
            </value>
        </assignmentItems>
        <connector>
            <targetReference>Assigning_Client_Service_Interactions</targetReference>
        </connector>
    </assignments>
    <assignments>
        <name>Set_FirstLoopProcessed_as_true_Meaningful</name>
        <label>Set FirstLoopProcessed as true - Meaningful</label>
        <locationX>0</locationX>
        <locationY>0</locationY>
        <assignmentItems>
            <assignToReference>MeaningfulInteractionsFirstLoopProcessed</assignToReference>
            <operator>Assign</operator>
            <value>
                <booleanValue>true</booleanValue>
            </value>
        </assignmentItems>
        <connector>
            <targetReference>Assigning_Meaningful_Interactions</targetReference>
        </connector>
    </assignments>
    <decisions>
        <name>Check_if_first_in_loop_Client_Service</name>
        <label>Check if first in loop - Client Service</label>
        <locationX>0</locationX>
        <locationY>0</locationY>
        <defaultConnector>
            <targetReference>Add_comma_client_service</targetReference>
        </defaultConnector>
        <defaultConnectorLabel>Not First</defaultConnectorLabel>
        <rules>
            <name>First_in_Loop_client_service</name>
            <conditionLogic>and</conditionLogic>
            <conditions>
                <leftValueReference>ClientServiceInteractionsFirstLoopProcessed</leftValueReference>
                <operator>EqualTo</operator>
                <rightValue>
                    <booleanValue>false</booleanValue>
                </rightValue>
            </conditions>
            <connector>
                <targetReference>Set_FirstLoopProcessed_as_true_Client_Service</targetReference>
            </connector>
            <label>First in Loop</label>
        </rules>
    </decisions>
    <decisions>
        <name>Check_if_first_in_loop_meaningful</name>
        <label>Check if first in loop - Meaningful</label>
        <locationX>0</locationX>
        <locationY>0</locationY>
        <defaultConnector>
            <targetReference>Add_comma</targetReference>
        </defaultConnector>
        <defaultConnectorLabel>Not First</defaultConnectorLabel>
        <rules>
            <name>First_in_Loop</name>
            <conditionLogic>and</conditionLogic>
            <conditions>
                <leftValueReference>MeaningfulInteractionsFirstLoopProcessed</leftValueReference>
                <operator>EqualTo</operator>
                <rightValue>
                    <booleanValue>false</booleanValue>
                </rightValue>
            </conditions>
            <connector>
                <targetReference>Set_FirstLoopProcessed_as_true_Meaningful</targetReference>
            </connector>
            <label>First in Loop</label>
        </rules>
    </decisions>
    <decisions>
        <description>Checking if interaction purpose is Client Service</description>
        <name>Checking_for_Interaction_Purpose</name>
        <label>Checking for Interaction Purpose</label>
        <locationX>0</locationX>
        <locationY>0</locationY>
        <defaultConnector>
            <targetReference>Looping_Interaction_Records</targetReference>
        </defaultConnector>
        <defaultConnectorLabel>Default Outcome</defaultConnectorLabel>
        <rules>
            <name>Interaction_purpose_is_client_service</name>
            <conditionLogic>and</conditionLogic>
            <conditions>
                <leftValueReference>Looping_Interaction_Records.Interaction_Purpose__c</leftValueReference>
                <operator>EqualTo</operator>
                <rightValue>
                    <stringValue>Client Service</stringValue>
                </rightValue>
            </conditions>
            <connector>
                <targetReference>Check_if_first_in_loop_Client_Service</targetReference>
            </connector>
            <label>Interaction purpose is client service</label>
        </rules>
    </decisions>
    <decisions>
        <description>Checking if the &quot;Interaction Is Meaningful&quot; checkbox is checked</description>
        <name>Checking_For_Meaningful_Interactions</name>
        <label>Checking For Meaningful Interactions</label>
        <locationX>0</locationX>
        <locationY>0</locationY>
        <defaultConnector>
            <targetReference>Checking_for_Interaction_Purpose</targetReference>
        </defaultConnector>
        <defaultConnectorLabel>Default Outcome</defaultConnectorLabel>
        <rules>
            <name>Interaction_is_meaningful</name>
            <conditionLogic>and</conditionLogic>
            <conditions>
                <leftValueReference>Looping_Interaction_Records.Meaningful_Interaction__c</leftValueReference>
                <operator>EqualTo</operator>
                <rightValue>
                    <booleanValue>true</booleanValue>
                </rightValue>
            </conditions>
            <connector>
                <targetReference>Check_if_first_in_loop_meaningful</targetReference>
            </connector>
            <label>Interaction is meaningful</label>
        </rules>
    </decisions>
    <decisions>
        <description>Checking if event records are fetched</description>
        <name>Checking_if_event_records_are_fetched</name>
        <label>Checking if event records are fetched</label>
        <locationX>0</locationX>
        <locationY>0</locationY>
        <defaultConnectorLabel>No event records fetched</defaultConnectorLabel>
        <rules>
            <name>Event_Records_are_fetched</name>
            <conditionLogic>and</conditionLogic>
            <conditions>
                <leftValueReference>Fetching_Event_Records</leftValueReference>
                <operator>IsEmpty</operator>
                <rightValue>
                    <booleanValue>false</booleanValue>
                </rightValue>
            </conditions>
            <conditions>
                <leftValueReference>Fetching_Event_Records</leftValueReference>
                <operator>IsNull</operator>
                <rightValue>
                    <booleanValue>false</booleanValue>
                </rightValue>
            </conditions>
            <connector>
                <targetReference>Initialize_Interactions_Json_String</targetReference>
            </connector>
            <label>Event Records are fetched</label>
        </rules>
    </decisions>
    <decisions>
        <description>Checking if Parent Account ID is Null for fetching household parties</description>
        <name>Checking_if_Parent_Account_ID_is_Null</name>
        <label>Checking if Parent Account ID is Null</label>
        <locationX>0</locationX>
        <locationY>0</locationY>
        <defaultConnector>
            <targetReference>Assigning_Primary_Party_Account_ID</targetReference>
        </defaultConnector>
        <defaultConnectorLabel>Parent Account ID is Null</defaultConnectorLabel>
        <rules>
            <name>Parent_Account_ID_is_present</name>
            <conditionLogic>and</conditionLogic>
            <conditions>
                <leftValueReference>Fetch_Primary_Party.ParentId</leftValueReference>
                <operator>IsNull</operator>
                <rightValue>
                    <booleanValue>false</booleanValue>
                </rightValue>
            </conditions>
            <conditions>
                <leftValueReference>Fetch_Primary_Party.ParentId</leftValueReference>
                <operator>IsBlank</operator>
                <rightValue>
                    <booleanValue>false</booleanValue>
                </rightValue>
            </conditions>
            <connector>
                <targetReference>Fetch_Household_related_Parties</targetReference>
            </connector>
            <label>Parent Account ID is present</label>
        </rules>
    </decisions>
    <description>Fetches recent meetings and calls linked to the household&apos;s members and accounts.</description>
    <environments>Default</environments>
    <interviewLabel>F_GET_Interactions {!$Flow.CurrentDateTime}</interviewLabel>
    <label>F_GET_Interactions</label>
    <loops>
        <description>Looping the fetched Interaction records</description>
        <name>Looping_Interaction_Records</name>
        <label>Looping Interaction Records</label>
        <locationX>0</locationX>
        <locationY>0</locationY>
        <collectionReference>Fetching_Event_Records</collectionReference>
        <iterationOrder>Asc</iterationOrder>
        <nextValueConnector>
            <targetReference>Checking_For_Meaningful_Interactions</targetReference>
        </nextValueConnector>
        <noMoreValuesConnector>
            <targetReference>Finalize_Interactions_JSON_String</targetReference>
        </noMoreValuesConnector>
    </loops>
    <loops>
        <description>Loop for traversing the related party records</description>
        <name>Looping_the_related_Parties</name>
        <label>Looping the related Parties</label>
        <locationX>0</locationX>
        <locationY>0</locationY>
        <collectionReference>Fetch_Household_related_Parties</collectionReference>
        <iterationOrder>Asc</iterationOrder>
        <nextValueConnector>
            <targetReference>Assigning_the_Account_IDs_to_a_collection_variable</targetReference>
        </nextValueConnector>
        <noMoreValuesConnector>
            <targetReference>Fetching_Event_Records</targetReference>
        </noMoreValuesConnector>
    </loops>
    <processMetadataValues>
        <name>BuilderType</name>
        <value>
            <stringValue>LightningFlowBuilder</stringValue>
        </value>
    </processMetadataValues>
    <processMetadataValues>
        <name>CanvasMode</name>
        <value>
            <stringValue>AUTO_LAYOUT_CANVAS</stringValue>
        </value>
    </processMetadataValues>
    <processMetadataValues>
        <name>OriginBuilderType</name>
        <value>
            <stringValue>LightningFlowBuilder</stringValue>
        </value>
    </processMetadataValues>
    <processType>AutoLaunchedFlow</processType>
    <recordLookups>
        <description>Fetching the related parties of the same household as the primary party</description>
        <name>Fetch_Household_related_Parties</name>
        <label>Fetch Household related Parties</label>
        <locationX>0</locationX>
        <locationY>0</locationY>
        <assignNullValuesIfNoRecordsFound>false</assignNullValuesIfNoRecordsFound>
        <connector>
            <targetReference>Looping_the_related_Parties</targetReference>
        </connector>
        <filterLogic>and</filterLogic>
        <filters>
            <field>ParentId</field>
            <operator>EqualTo</operator>
            <value>
                <elementReference>Fetch_Primary_Party.ParentId</elementReference>
            </value>
        </filters>
        <getFirstRecordOnly>false</getFirstRecordOnly>
        <object>Account</object>
        <storeOutputAutomatically>true</storeOutputAutomatically>
    </recordLookups>
    <recordLookups>
        <description>Fetching primary party using the input AccountID</description>
        <name>Fetch_Primary_Party</name>
        <label>Fetch Primary Party</label>
        <locationX>0</locationX>
        <locationY>0</locationY>
        <assignNullValuesIfNoRecordsFound>false</assignNullValuesIfNoRecordsFound>
        <connector>
            <targetReference>Checking_if_Parent_Account_ID_is_Null</targetReference>
        </connector>
        <filterLogic>and</filterLogic>
        <filters>
            <field>Id</field>
            <operator>EqualTo</operator>
            <value>
                <elementReference>accID</elementReference>
            </value>
        </filters>
        <getFirstRecordOnly>true</getFirstRecordOnly>
        <object>Account</object>
        <storeOutputAutomatically>true</storeOutputAutomatically>
    </recordLookups>
    <recordLookups>
        <description>Fetching Event records as part of Interactions</description>
        <name>Fetching_Event_Records</name>
        <label>Fetching Event Records</label>
        <locationX>0</locationX>
        <locationY>0</locationY>
        <assignNullValuesIfNoRecordsFound>false</assignNullValuesIfNoRecordsFound>
        <connector>
            <targetReference>Checking_if_event_records_are_fetched</targetReference>
        </connector>
        <filterLogic>1 AND (2 OR 3)</filterLogic>
        <filters>
            <field>WhatId</field>
            <operator>In</operator>
            <value>
                <elementReference>HouseholdPartyIDs</elementReference>
            </value>
        </filters>
        <filters>
            <field>Meaningful_Interaction__c</field>
            <operator>EqualTo</operator>
            <value>
                <booleanValue>true</booleanValue>
            </value>
        </filters>
        <filters>
            <field>Interaction_Purpose__c</field>
            <operator>EqualTo</operator>
            <value>
                <stringValue>Client Service</stringValue>
            </value>
        </filters>
        <getFirstRecordOnly>false</getFirstRecordOnly>
        <object>Event</object>
        <storeOutputAutomatically>true</storeOutputAutomatically>
    </recordLookups>
    <start>
        <locationX>0</locationX>
        <locationY>0</locationY>
        <connector>
            <targetReference>Fetch_Primary_Party</targetReference>
        </connector>
    </start>
    <status>Active</status>
    <variables>
        <description>Variable to store the input account ID</description>
        <name>accID</name>
        <dataType>String</dataType>
        <isCollection>false</isCollection>
        <isInput>true</isInput>
        <isOutput>false</isOutput>
    </variables>
    <variables>
        <description>Variable to create the payload JSON for Interactions with purpose with client service</description>
        <name>ClientServiceInteractionCollectionJson</name>
        <dataType>String</dataType>
        <isCollection>false</isCollection>
        <isInput>false</isInput>
        <isOutput>true</isOutput>
    </variables>
    <variables>
        <name>ClientServiceInteractionsFirstLoopProcessed</name>
        <dataType>Boolean</dataType>
        <isCollection>false</isCollection>
        <isInput>false</isInput>
        <isOutput>false</isOutput>
        <value>
            <booleanValue>false</booleanValue>
        </value>
    </variables>
    <variables>
        <description>Variable to hold the account IDs of all related parties</description>
        <name>HouseholdPartyIDs</name>
        <dataType>String</dataType>
        <isCollection>true</isCollection>
        <isInput>false</isInput>
        <isOutput>false</isOutput>
    </variables>
    <variables>
        <description>Variable to create the payload JSON for Meaningful Interaction records</description>
        <name>MeaningfulInteractionsCollectionJson</name>
        <dataType>String</dataType>
        <isCollection>false</isCollection>
        <isInput>false</isInput>
        <isOutput>true</isOutput>
    </variables>
    <variables>
        <name>MeaningfulInteractionsFirstLoopProcessed</name>
        <dataType>Boolean</dataType>
        <isCollection>false</isCollection>
        <isInput>false</isInput>
        <isOutput>false</isOutput>
        <value>
            <booleanValue>false</booleanValue>
        </value>
    </variables>
</Flow>
