<?xml version="1.0" encoding="UTF-8"?>
<Flow xmlns="http://soap.sforce.com/2006/04/metadata">
    <apiVersion>65.0</apiVersion>
    <areMetricsLoggedToDataCloud>false</areMetricsLoggedToDataCloud>
    <assignments>
        <name>Initialize_Json_String</name>
        <label>Initialize Json String</label>
        <locationX>0</locationX>
        <locationY>0</locationY>
        <assignmentItems>
            <assignToReference>RewardCollectionJSON</assignToReference>
            <operator>Assign</operator>
            <value>
                <stringValue>{ &quot;Id&quot;:&quot;</stringValue>
            </value>
        </assignmentItems>
        <assignmentItems>
            <assignToReference>RewardCollectionJSON</assignToReference>
            <operator>Add</operator>
            <value>
                <elementReference>Get_Primary_Party_Record.Id</elementReference>
            </value>
        </assignmentItems>
        <assignmentItems>
            <assignToReference>RewardCollectionJSON</assignToReference>
            <operator>Add</operator>
            <value>
                <stringValue>&quot;,&quot;Reward Status&quot;:&quot;</stringValue>
            </value>
        </assignmentItems>
        <assignmentItems>
            <assignToReference>RewardCollectionJSON</assignToReference>
            <operator>Add</operator>
            <value>
                <elementReference>Get_Primary_Party_Record.Rewards_Status__c</elementReference>
            </value>
        </assignmentItems>
        <assignmentItems>
            <assignToReference>RewardCollectionJSON</assignToReference>
            <operator>Add</operator>
            <value>
                <stringValue>&quot;,&quot;Anniversary Date&quot;:&quot;</stringValue>
            </value>
        </assignmentItems>
        <assignmentItems>
            <assignToReference>RewardCollectionJSON</assignToReference>
            <operator>Add</operator>
            <value>
                <elementReference>Get_Primary_Party_Record.Rewards_Anniversary_Date__c</elementReference>
            </value>
        </assignmentItems>
        <assignmentItems>
            <assignToReference>RewardCollectionJSON</assignToReference>
            <operator>Add</operator>
            <value>
                <stringValue>&quot;,&quot;Enrollment Code&quot;:&quot;</stringValue>
            </value>
        </assignmentItems>
        <assignmentItems>
            <assignToReference>RewardCollectionJSON</assignToReference>
            <operator>Add</operator>
            <value>
                <elementReference>Get_Primary_Party_Record.Rewards_Enrollment_Code__c</elementReference>
            </value>
        </assignmentItems>
        <assignmentItems>
            <assignToReference>RewardCollectionJSON</assignToReference>
            <operator>Add</operator>
            <value>
                <stringValue>&quot;,&quot;Reward 3 month Average Balance&quot;:&quot;</stringValue>
            </value>
        </assignmentItems>
        <assignmentItems>
            <assignToReference>RewardCollectionJSON</assignToReference>
            <operator>Add</operator>
            <value>
                <elementReference>Get_Primary_Party_Record.Rewards_3_Month_Average_Balance_UI__c</elementReference>
            </value>
        </assignmentItems>
        <assignmentItems>
            <assignToReference>RewardCollectionJSON</assignToReference>
            <operator>Add</operator>
            <value>
                <stringValue>}</stringValue>
            </value>
        </assignmentItems>
    </assignments>
    <decisions>
        <name>If_Record_Found</name>
        <label>If Record Found</label>
        <locationX>0</locationX>
        <locationY>0</locationY>
        <defaultConnectorLabel>Default Outcome</defaultConnectorLabel>
        <rules>
            <name>Record_Found</name>
            <conditionLogic>and</conditionLogic>
            <conditions>
                <leftValueReference>Get_Primary_Party_Record</leftValueReference>
                <operator>IsNull</operator>
                <rightValue>
                    <booleanValue>false</booleanValue>
                </rightValue>
            </conditions>
            <connector>
                <targetReference>Initialize_Json_String</targetReference>
            </connector>
            <label>Record Found</label>
        </rules>
    </decisions>
    <environments>Default</environments>
    <interviewLabel>F_GET_Rewards {!$Flow.CurrentDateTime}</interviewLabel>
    <label>F_GET_Rewards</label>
    <processMetadataValues>
        <name>BuilderType</name>
        <value>
            <stringValue>LightningFlowBuilder</stringValue>
        </value>
    </processMetadataValues>
    <processMetadataValues>
        <name>CanvasMode</name>
        <value>
            <stringValue>AUTO_LAYOUT_CANVAS</stringValue>
        </value>
    </processMetadataValues>
    <processMetadataValues>
        <name>OriginBuilderType</name>
        <value>
            <stringValue>LightningFlowBuilder</stringValue>
        </value>
    </processMetadataValues>
    <processType>AutoLaunchedFlow</processType>
    <recordLookups>
        <name>Get_Primary_Party_Record</name>
        <label>Get Primary Party Record</label>
        <locationX>0</locationX>
        <locationY>0</locationY>
        <assignNullValuesIfNoRecordsFound>false</assignNullValuesIfNoRecordsFound>
        <connector>
            <targetReference>If_Record_Found</targetReference>
        </connector>
        <filterLogic>and</filterLogic>
        <filters>
            <field>Id</field>
            <operator>EqualTo</operator>
            <value>
                <elementReference>accID</elementReference>
            </value>
        </filters>
        <getFirstRecordOnly>true</getFirstRecordOnly>
        <object>Account</object>
        <storeOutputAutomatically>true</storeOutputAutomatically>
    </recordLookups>
    <start>
        <locationX>0</locationX>
        <locationY>0</locationY>
        <connector>
            <targetReference>Get_Primary_Party_Record</targetReference>
        </connector>
    </start>
    <status>Draft</status>
    <variables>
        <name>accID</name>
        <dataType>String</dataType>
        <isCollection>false</isCollection>
        <isInput>true</isInput>
        <isOutput>false</isOutput>
    </variables>
    <variables>
        <name>RewardCollectionJSON</name>
        <dataType>String</dataType>
        <isCollection>false</isCollection>
        <isInput>false</isInput>
        <isOutput>true</isOutput>
    </variables>
</Flow>
