<?xml version="1.0" encoding="UTF-8"?>
<Flow xmlns="http://soap.sforce.com/2006/04/metadata">
    <apiVersion>65.0</apiVersion>
    <areMetricsLoggedToDataCloud>false</areMetricsLoggedToDataCloud>
    <assignments>
        <name>Load_Final_Payload</name>
        <label>Load Final Payload</label>
        <locationX>0</locationX>
        <locationY>0</locationY>
        <assignmentItems>
            <assignToReference>r_PayloadJSON</assignToReference>
            <operator>Assign</operator>
            <value>
                <stringValue>{&quot;Opportunities&quot;:</stringValue>
            </value>
        </assignmentItems>
        <assignmentItems>
            <assignToReference>r_PayloadJSON</assignToReference>
            <operator>Add</operator>
            <value>
                <elementReference>OpportunityCollectionJson</elementReference>
            </value>
        </assignmentItems>
        <assignmentItems>
            <assignToReference>r_PayloadJSON</assignToReference>
            <operator>Add</operator>
            <value>
                <stringValue>,&quot;Financial Summary&quot;:{</stringValue>
            </value>
        </assignmentItems>
        <assignmentItems>
            <assignToReference>r_PayloadJSON</assignToReference>
            <operator>Add</operator>
            <value>
                <stringValue>&quot;Total Balance&quot;:</stringValue>
            </value>
        </assignmentItems>
        <assignmentItems>
            <assignToReference>r_PayloadJSON</assignToReference>
            <operator>Add</operator>
            <value>
                <elementReference>TotalBalVarText</elementReference>
            </value>
        </assignmentItems>
        <assignmentItems>
            <assignToReference>r_PayloadJSON</assignToReference>
            <operator>Add</operator>
            <value>
                <stringValue>,&quot;Total Credit&quot;:</stringValue>
            </value>
        </assignmentItems>
        <assignmentItems>
            <assignToReference>r_PayloadJSON</assignToReference>
            <operator>Add</operator>
            <value>
                <elementReference>TotalCreditVarText</elementReference>
            </value>
        </assignmentItems>
        <assignmentItems>
            <assignToReference>r_PayloadJSON</assignToReference>
            <operator>Add</operator>
            <value>
                <stringValue>,&quot;Total Deposit&quot;:</stringValue>
            </value>
        </assignmentItems>
        <assignmentItems>
            <assignToReference>r_PayloadJSON</assignToReference>
            <operator>Add</operator>
            <value>
                <elementReference>TotalDepositVarText</elementReference>
            </value>
        </assignmentItems>
        <assignmentItems>
            <assignToReference>r_PayloadJSON</assignToReference>
            <operator>Add</operator>
            <value>
                <stringValue>,&quot;Total Revenue&quot;:</stringValue>
            </value>
        </assignmentItems>
        <assignmentItems>
            <assignToReference>r_PayloadJSON</assignToReference>
            <operator>Add</operator>
            <value>
                <elementReference>TotalRevenueVarText</elementReference>
            </value>
        </assignmentItems>
        <assignmentItems>
            <assignToReference>r_PayloadJSON</assignToReference>
            <operator>Add</operator>
            <value>
                <stringValue>},&quot;Employment&quot;:</stringValue>
            </value>
        </assignmentItems>
        <assignmentItems>
            <assignToReference>r_PayloadJSON</assignToReference>
            <operator>Add</operator>
            <value>
                <elementReference>EmploymentCollectionJSON</elementReference>
            </value>
        </assignmentItems>
        <assignmentItems>
            <assignToReference>r_PayloadJSON</assignToReference>
            <operator>Add</operator>
            <value>
                <stringValue>,&quot;Education&quot;:</stringValue>
            </value>
        </assignmentItems>
        <assignmentItems>
            <assignToReference>r_PayloadJSON</assignToReference>
            <operator>Add</operator>
            <value>
                <elementReference>EducationCollectionJSON</elementReference>
            </value>
        </assignmentItems>
        <assignmentItems>
            <assignToReference>r_PayloadJSON</assignToReference>
            <operator>Add</operator>
            <value>
                <stringValue>,&quot;Meaningful Interactions&quot;:</stringValue>
            </value>
        </assignmentItems>
        <assignmentItems>
            <assignToReference>r_PayloadJSON</assignToReference>
            <operator>Add</operator>
            <value>
                <elementReference>MeaningfulInteractionsJson</elementReference>
            </value>
        </assignmentItems>
        <assignmentItems>
            <assignToReference>r_PayloadJSON</assignToReference>
            <operator>Add</operator>
            <value>
                <stringValue>,&quot;ClientServiceInteractions&quot;:</stringValue>
            </value>
        </assignmentItems>
        <assignmentItems>
            <assignToReference>r_PayloadJSON</assignToReference>
            <operator>Add</operator>
            <value>
                <elementReference>ClientServiceInteractionsJson</elementReference>
            </value>
        </assignmentItems>
        <assignmentItems>
            <assignToReference>r_PayloadJSON</assignToReference>
            <operator>Add</operator>
            <value>
                <stringValue>}</stringValue>
            </value>
        </assignmentItems>
    </assignments>
    <environments>Default</environments>
    <formulas>
        <name>TotalBalVarText</name>
        <dataType>String</dataType>
        <expression>TEXT({!TotalBalVar})</expression>
    </formulas>
    <formulas>
        <name>TotalCreditVarText</name>
        <dataType>String</dataType>
        <expression>TEXT({!TotalCreditVar})</expression>
    </formulas>
    <formulas>
        <name>TotalDepositVarText</name>
        <dataType>String</dataType>
        <expression>TEXT({!TotalDepositVar})</expression>
    </formulas>
    <formulas>
        <name>TotalRevenueVarText</name>
        <dataType>String</dataType>
        <expression>TEXT({!TotalRevenueVar})</expression>
    </formulas>
    <interviewLabel>F_GET_Summary_Orchestrator {!$Flow.CurrentDateTime}</interviewLabel>
    <label>F_GET_Summary_Orchestrator</label>
    <processMetadataValues>
        <name>BuilderType</name>
        <value>
            <stringValue>LightningFlowBuilder</stringValue>
        </value>
    </processMetadataValues>
    <processMetadataValues>
        <name>CanvasMode</name>
        <value>
            <stringValue>AUTO_LAYOUT_CANVAS</stringValue>
        </value>
    </processMetadataValues>
    <processMetadataValues>
        <name>OriginBuilderType</name>
        <value>
            <stringValue>LightningFlowBuilder</stringValue>
        </value>
    </processMetadataValues>
    <processType>AutoLaunchedFlow</processType>
    <start>
        <locationX>0</locationX>
        <locationY>0</locationY>
        <connector>
            <targetReference>F_GET_FinancialSummary</targetReference>
        </connector>
    </start>
    <status>Active</status>
    <subflows>
        <name>F_GET_Education_Affiliations</name>
        <label>F_GET_Education_Affiliations</label>
        <locationX>0</locationX>
        <locationY>0</locationY>
        <connector>
            <targetReference>Load_Final_Payload</targetReference>
        </connector>
        <flowName>F_GET_Affiliations_Education</flowName>
        <inputAssignments>
            <name>accID</name>
            <value>
                <elementReference>partyAccountID</elementReference>
            </value>
        </inputAssignments>
        <outputAssignments>
            <assignToReference>EducationCollectionJSON</assignToReference>
            <name>EducationCollectionJSON</name>
        </outputAssignments>
    </subflows>
    <subflows>
        <name>F_GET_Employment_Affiliations</name>
        <label>F_GET_Employment_Affiliations</label>
        <locationX>0</locationX>
        <locationY>0</locationY>
        <connector>
            <targetReference>F_GET_Education_Affiliations</targetReference>
        </connector>
        <flowName>F_GET_Affiliations_Employment</flowName>
        <inputAssignments>
            <name>accID</name>
            <value>
                <elementReference>partyAccountID</elementReference>
            </value>
        </inputAssignments>
        <outputAssignments>
            <assignToReference>EmploymentCollectionJSON</assignToReference>
            <name>EmploymentCollectionJSON</name>
        </outputAssignments>
    </subflows>
    <subflows>
        <name>F_GET_FinancialSummary</name>
        <label>F_GET_FinancialSummary</label>
        <locationX>0</locationX>
        <locationY>0</locationY>
        <connector>
            <targetReference>F_GET_Opportunities</targetReference>
        </connector>
        <flowName>F_GET_FinancialSummary</flowName>
        <inputAssignments>
            <name>accID</name>
            <value>
                <elementReference>partyAccountID</elementReference>
            </value>
        </inputAssignments>
        <outputAssignments>
            <assignToReference>TotalBalVar</assignToReference>
            <name>TotalBalanceVar</name>
        </outputAssignments>
        <outputAssignments>
            <assignToReference>TotalCreditVar</assignToReference>
            <name>TotalCreditVar</name>
        </outputAssignments>
        <outputAssignments>
            <assignToReference>TotalDepositVar</assignToReference>
            <name>TotalDepositVar</name>
        </outputAssignments>
        <outputAssignments>
            <assignToReference>TotalRevenueVar</assignToReference>
            <name>TotalRevenueVar</name>
        </outputAssignments>
    </subflows>
    <subflows>
        <name>F_GET_Interactions</name>
        <label>F_GET_Interactions</label>
        <locationX>0</locationX>
        <locationY>0</locationY>
        <connector>
            <targetReference>F_GET_Employment_Affiliations</targetReference>
        </connector>
        <flowName>F_GET_Interactions</flowName>
        <inputAssignments>
            <name>accID</name>
            <value>
                <elementReference>partyAccountID</elementReference>
            </value>
        </inputAssignments>
        <outputAssignments>
            <assignToReference>ClientServiceInteractionsJson</assignToReference>
            <name>ClientServiceInteractionCollectionJson</name>
        </outputAssignments>
        <outputAssignments>
            <assignToReference>MeaningfulInteractionsJson</assignToReference>
            <name>MeaningfulInteractionsCollectionJson</name>
        </outputAssignments>
    </subflows>
    <subflows>
        <name>F_GET_Opportunities</name>
        <label>F_GET_Opportunities</label>
        <locationX>0</locationX>
        <locationY>0</locationY>
        <connector>
            <targetReference>F_GET_Interactions</targetReference>
        </connector>
        <flowName>F_GET_Opportunities</flowName>
        <inputAssignments>
            <name>accID</name>
            <value>
                <elementReference>partyAccountID</elementReference>
            </value>
        </inputAssignments>
        <outputAssignments>
            <assignToReference>OpportunityCollectionJson</assignToReference>
            <name>OpportunityCollectionJson</name>
        </outputAssignments>
    </subflows>
    <variables>
        <name>ClientServiceInteractionsJson</name>
        <dataType>String</dataType>
        <isCollection>false</isCollection>
        <isInput>false</isInput>
        <isOutput>false</isOutput>
    </variables>
    <variables>
        <name>EducationCollectionJSON</name>
        <dataType>String</dataType>
        <isCollection>false</isCollection>
        <isInput>false</isInput>
        <isOutput>false</isOutput>
    </variables>
    <variables>
        <name>EmploymentCollectionJSON</name>
        <dataType>String</dataType>
        <isCollection>false</isCollection>
        <isInput>false</isInput>
        <isOutput>false</isOutput>
    </variables>
    <variables>
        <description>Variable to store Client Service Interactions</description>
        <name>InteractionsClientServiceCollection</name>
        <dataType>SObject</dataType>
        <isCollection>true</isCollection>
        <isInput>true</isInput>
        <isOutput>true</isOutput>
        <objectType>Event</objectType>
    </variables>
    <variables>
        <description>Variable to store meaningful interactions</description>
        <name>InteractionsMeaningfulCollection</name>
        <dataType>SObject</dataType>
        <isCollection>true</isCollection>
        <isInput>true</isInput>
        <isOutput>true</isOutput>
        <objectType>Event</objectType>
    </variables>
    <variables>
        <name>MeaningfulInteractionsJson</name>
        <dataType>String</dataType>
        <isCollection>false</isCollection>
        <isInput>false</isInput>
        <isOutput>false</isOutput>
    </variables>
    <variables>
        <name>OppCollection</name>
        <dataType>SObject</dataType>
        <isCollection>true</isCollection>
        <isInput>false</isInput>
        <isOutput>true</isOutput>
        <objectType>Opportunity</objectType>
    </variables>
    <variables>
        <name>OpportunityCollectionJson</name>
        <dataType>String</dataType>
        <isCollection>false</isCollection>
        <isInput>false</isInput>
        <isOutput>false</isOutput>
    </variables>
    <variables>
        <name>partyAccountID</name>
        <dataType>String</dataType>
        <isCollection>false</isCollection>
        <isInput>true</isInput>
        <isOutput>false</isOutput>
    </variables>
    <variables>
        <name>r_PayloadJSON</name>
        <dataType>String</dataType>
        <isCollection>false</isCollection>
        <isInput>false</isInput>
        <isOutput>true</isOutput>
    </variables>
    <variables>
        <description>Variable to store the total Balance value as output</description>
        <name>TotalBalVar</name>
        <dataType>Currency</dataType>
        <isCollection>false</isCollection>
        <isInput>true</isInput>
        <isOutput>true</isOutput>
        <scale>2</scale>
    </variables>
    <variables>
        <description>Variable to store the total Credit value as output</description>
        <name>TotalCreditVar</name>
        <dataType>Currency</dataType>
        <isCollection>false</isCollection>
        <isInput>true</isInput>
        <isOutput>true</isOutput>
        <scale>2</scale>
    </variables>
    <variables>
        <description>Variable to store the total Deposit value as output</description>
        <name>TotalDepositVar</name>
        <dataType>Currency</dataType>
        <isCollection>false</isCollection>
        <isInput>true</isInput>
        <isOutput>true</isOutput>
        <scale>2</scale>
    </variables>
    <variables>
        <description>Variable to store the total Revenue value as output</description>
        <name>TotalRevenueVar</name>
        <dataType>Currency</dataType>
        <isCollection>false</isCollection>
        <isInput>true</isInput>
        <isOutput>true</isOutput>
        <scale>2</scale>
    </variables>
    <variables>
        <name>Trial2</name>
        <dataType>String</dataType>
        <isCollection>false</isCollection>
        <isInput>true</isInput>
        <isOutput>true</isOutput>
    </variables>
    <variables>
        <name>TrialVar</name>
        <dataType>String</dataType>
        <isCollection>true</isCollection>
        <isInput>true</isInput>
        <isOutput>true</isOutput>
    </variables>
</Flow>
