<?xml version="1.0" encoding="UTF-8"?>
<Flow xmlns="http://soap.sforce.com/2006/04/metadata">
    <apiVersion>65.0</apiVersion>
    <areMetricsLoggedToDataCloud>false</areMetricsLoggedToDataCloud>
    <assignments>
        <name>Assigning_Comma_Seperator</name>
        <label>Assigning Comma Seperator</label>
        <locationX>0</locationX>
        <locationY>0</locationY>
        <assignmentItems>
            <assignToReference>LifeEventsCollectionsJson</assignToReference>
            <operator>Add</operator>
            <value>
                <stringValue>,</stringValue>
            </value>
        </assignmentItems>
        <connector>
            <targetReference>Assigning_JSON_Payload</targetReference>
        </connector>
    </assignments>
    <assignments>
        <description>Assigning Life Events JSON String for payload</description>
        <name>Assigning_JSON_Payload</name>
        <label>Assigning JSON Payload</label>
        <locationX>0</locationX>
        <locationY>0</locationY>
        <assignmentItems>
            <assignToReference>LifeEventsCollectionsJson</assignToReference>
            <operator>Add</operator>
            <value>
                <stringValue>{ &quot;Id&quot;:&quot;</stringValue>
            </value>
        </assignmentItems>
        <assignmentItems>
            <assignToReference>LifeEventsCollectionsJson</assignToReference>
            <operator>Add</operator>
            <value>
                <elementReference>Looping_Life_Event_records.Id</elementReference>
            </value>
        </assignmentItems>
        <assignmentItems>
            <assignToReference>LifeEventsCollectionsJson</assignToReference>
            <operator>Add</operator>
            <value>
                <stringValue>&quot;,&quot;Life Event Name&quot;:&quot;</stringValue>
            </value>
        </assignmentItems>
        <assignmentItems>
            <assignToReference>LifeEventsCollectionsJson</assignToReference>
            <operator>Add</operator>
            <value>
                <elementReference>Looping_Life_Event_records.Name</elementReference>
            </value>
        </assignmentItems>
        <assignmentItems>
            <assignToReference>LifeEventsCollectionsJson</assignToReference>
            <operator>Add</operator>
            <value>
                <stringValue>&quot;,&quot;Description&quot;:&quot;</stringValue>
            </value>
        </assignmentItems>
        <assignmentItems>
            <assignToReference>LifeEventsCollectionsJson</assignToReference>
            <operator>Add</operator>
            <value>
                <elementReference>Looping_Life_Event_records.Description__c</elementReference>
            </value>
        </assignmentItems>
        <assignmentItems>
            <assignToReference>LifeEventsCollectionsJson</assignToReference>
            <operator>Add</operator>
            <value>
                <stringValue>&quot;,&quot;Life Event Date&quot;:</stringValue>
            </value>
        </assignmentItems>
        <assignmentItems>
            <assignToReference>LifeEventsCollectionsJson</assignToReference>
            <operator>Add</operator>
            <value>
                <elementReference>Looping_Life_Event_records.Life_Event_Date__c</elementReference>
            </value>
        </assignmentItems>
        <assignmentItems>
            <assignToReference>LifeEventsCollectionsJson</assignToReference>
            <operator>Add</operator>
            <value>
                <stringValue>}</stringValue>
            </value>
        </assignmentItems>
        <connector>
            <targetReference>Looping_Life_Event_records</targetReference>
        </connector>
    </assignments>
    <assignments>
        <description>Assigning Primary Party Account ID for fetching Life Event records</description>
        <name>Assigning_Primary_Party_Account_ID</name>
        <label>Assigning Primary Party Account ID</label>
        <locationX>0</locationX>
        <locationY>0</locationY>
        <assignmentItems>
            <assignToReference>HouseholdPartyIDs</assignToReference>
            <operator>Add</operator>
            <value>
                <elementReference>Fetch_Primary_Party.Id</elementReference>
            </value>
        </assignmentItems>
        <connector>
            <targetReference>Fetching_Life_Event_records</targetReference>
        </connector>
    </assignments>
    <assignments>
        <description>Assigning the Account IDs to a collection variable</description>
        <name>Assigning_the_Account_IDs_to_a_collection_variable</name>
        <label>Assigning the Account IDs to a collection variable</label>
        <locationX>0</locationX>
        <locationY>0</locationY>
        <assignmentItems>
            <assignToReference>HouseholdPartyIDs</assignToReference>
            <operator>Add</operator>
            <value>
                <elementReference>Looping_the_related_Parties.Id</elementReference>
            </value>
        </assignmentItems>
        <connector>
            <targetReference>Looping_the_related_Parties</targetReference>
        </connector>
    </assignments>
    <assignments>
        <description>Finalizing Life Events JSON String for payload</description>
        <name>Finalize_Life_Events_JSON_String</name>
        <label>Finalize Life Events JSON String</label>
        <locationX>0</locationX>
        <locationY>0</locationY>
        <assignmentItems>
            <assignToReference>LifeEventsCollectionsJson</assignToReference>
            <operator>Add</operator>
            <value>
                <stringValue>]</stringValue>
            </value>
        </assignmentItems>
    </assignments>
    <assignments>
        <description>Initializing Life Events JSON String for payload</description>
        <name>Initializing_Life_Events_JSON_String</name>
        <label>Initializing Life Events JSON String</label>
        <locationX>0</locationX>
        <locationY>0</locationY>
        <assignmentItems>
            <assignToReference>LifeEventsCollectionsJson</assignToReference>
            <operator>Assign</operator>
            <value>
                <stringValue>[</stringValue>
            </value>
        </assignmentItems>
        <connector>
            <targetReference>Looping_Life_Event_records</targetReference>
        </connector>
    </assignments>
    <assignments>
        <name>Set_FirstFinAccProcessed_to_True</name>
        <label>Set FirstFinAccProcessed to True</label>
        <locationX>0</locationX>
        <locationY>0</locationY>
        <assignmentItems>
            <assignToReference>FirstLifeEventRecord</assignToReference>
            <operator>Assign</operator>
            <value>
                <booleanValue>true</booleanValue>
            </value>
        </assignmentItems>
        <connector>
            <targetReference>Assigning_JSON_Payload</targetReference>
        </connector>
    </assignments>
    <decisions>
        <description>Checking if event records are fetched</description>
        <name>Checking_if_event_records_are_fetched</name>
        <label>Checking if event records are fetched</label>
        <locationX>0</locationX>
        <locationY>0</locationY>
        <defaultConnectorLabel>No event records fetched</defaultConnectorLabel>
        <rules>
            <name>Event_Records_are_fetched</name>
            <conditionLogic>and</conditionLogic>
            <conditions>
                <leftValueReference>Fetching_Life_Event_records</leftValueReference>
                <operator>IsNull</operator>
                <rightValue>
                    <booleanValue>false</booleanValue>
                </rightValue>
            </conditions>
            <conditions>
                <leftValueReference>Fetching_Life_Event_records</leftValueReference>
                <operator>IsEmpty</operator>
                <rightValue>
                    <booleanValue>false</booleanValue>
                </rightValue>
            </conditions>
            <connector>
                <targetReference>Initializing_Life_Events_JSON_String</targetReference>
            </connector>
            <label>Event Records are fetched</label>
        </rules>
    </decisions>
    <decisions>
        <description>Checking if Parent Account ID is Null for fetching household parties</description>
        <name>Checking_if_Parent_Account_ID_is_Null</name>
        <label>Checking if Parent Account ID is Null</label>
        <locationX>0</locationX>
        <locationY>0</locationY>
        <defaultConnector>
            <targetReference>Assigning_Primary_Party_Account_ID</targetReference>
        </defaultConnector>
        <defaultConnectorLabel>Parent Account ID is Null</defaultConnectorLabel>
        <rules>
            <name>Parent_Account_ID_is_present</name>
            <conditionLogic>and</conditionLogic>
            <conditions>
                <leftValueReference>Fetch_Primary_Party.ParentId</leftValueReference>
                <operator>IsNull</operator>
                <rightValue>
                    <booleanValue>false</booleanValue>
                </rightValue>
            </conditions>
            <conditions>
                <leftValueReference>Fetch_Primary_Party.ParentId</leftValueReference>
                <operator>IsBlank</operator>
                <rightValue>
                    <booleanValue>false</booleanValue>
                </rightValue>
            </conditions>
            <connector>
                <targetReference>Fetch_Household_related_Parties</targetReference>
            </connector>
            <label>Parent Account ID is present</label>
        </rules>
    </decisions>
    <decisions>
        <name>Is_First_Loop</name>
        <label>Is First Loop</label>
        <locationX>0</locationX>
        <locationY>0</locationY>
        <defaultConnector>
            <targetReference>Assigning_Comma_Seperator</targetReference>
        </defaultConnector>
        <defaultConnectorLabel>Not First Loop</defaultConnectorLabel>
        <rules>
            <name>First_Loop</name>
            <conditionLogic>and</conditionLogic>
            <conditions>
                <leftValueReference>FirstLifeEventRecord</leftValueReference>
                <operator>EqualTo</operator>
                <rightValue>
                    <booleanValue>false</booleanValue>
                </rightValue>
            </conditions>
            <connector>
                <targetReference>Set_FirstFinAccProcessed_to_True</targetReference>
            </connector>
            <label>First Loop</label>
        </rules>
    </decisions>
    <description>Finds upcoming and recent life events like birthdays and anniversaries for household members.</description>
    <environments>Default</environments>
    <interviewLabel>F_GET_LifeEvents {!$Flow.CurrentDateTime}</interviewLabel>
    <label>F_GET_LifeEvents</label>
    <loops>
        <description>Looping Life Event records</description>
        <name>Looping_Life_Event_records</name>
        <label>Looping Life Event records</label>
        <locationX>0</locationX>
        <locationY>0</locationY>
        <collectionReference>Fetching_Life_Event_records</collectionReference>
        <iterationOrder>Asc</iterationOrder>
        <nextValueConnector>
            <targetReference>Is_First_Loop</targetReference>
        </nextValueConnector>
        <noMoreValuesConnector>
            <targetReference>Finalize_Life_Events_JSON_String</targetReference>
        </noMoreValuesConnector>
    </loops>
    <loops>
        <description>Loop for traversing the related party records</description>
        <name>Looping_the_related_Parties</name>
        <label>Looping the related Parties</label>
        <locationX>0</locationX>
        <locationY>0</locationY>
        <collectionReference>Fetch_Household_related_Parties</collectionReference>
        <iterationOrder>Asc</iterationOrder>
        <nextValueConnector>
            <targetReference>Assigning_the_Account_IDs_to_a_collection_variable</targetReference>
        </nextValueConnector>
        <noMoreValuesConnector>
            <targetReference>Fetching_Life_Event_records</targetReference>
        </noMoreValuesConnector>
    </loops>
    <processMetadataValues>
        <name>BuilderType</name>
        <value>
            <stringValue>LightningFlowBuilder</stringValue>
        </value>
    </processMetadataValues>
    <processMetadataValues>
        <name>CanvasMode</name>
        <value>
            <stringValue>AUTO_LAYOUT_CANVAS</stringValue>
        </value>
    </processMetadataValues>
    <processMetadataValues>
        <name>OriginBuilderType</name>
        <value>
            <stringValue>LightningFlowBuilder</stringValue>
        </value>
    </processMetadataValues>
    <processType>AutoLaunchedFlow</processType>
    <recordLookups>
        <description>Fetching the related parties of the same household as the primary party</description>
        <name>Fetch_Household_related_Parties</name>
        <label>Fetch Household related Parties</label>
        <locationX>0</locationX>
        <locationY>0</locationY>
        <assignNullValuesIfNoRecordsFound>false</assignNullValuesIfNoRecordsFound>
        <connector>
            <targetReference>Looping_the_related_Parties</targetReference>
        </connector>
        <filterLogic>and</filterLogic>
        <filters>
            <field>ParentId</field>
            <operator>EqualTo</operator>
            <value>
                <elementReference>Fetch_Primary_Party.ParentId</elementReference>
            </value>
        </filters>
        <getFirstRecordOnly>false</getFirstRecordOnly>
        <object>Account</object>
        <storeOutputAutomatically>true</storeOutputAutomatically>
    </recordLookups>
    <recordLookups>
        <description>Fetching primary party record using input account ID</description>
        <name>Fetch_Primary_Party</name>
        <label>Fetch Primary Party</label>
        <locationX>0</locationX>
        <locationY>0</locationY>
        <assignNullValuesIfNoRecordsFound>false</assignNullValuesIfNoRecordsFound>
        <connector>
            <targetReference>Checking_if_Parent_Account_ID_is_Null</targetReference>
        </connector>
        <filterLogic>and</filterLogic>
        <filters>
            <field>Id</field>
            <operator>EqualTo</operator>
            <value>
                <elementReference>accID</elementReference>
            </value>
        </filters>
        <getFirstRecordOnly>true</getFirstRecordOnly>
        <object>Account</object>
        <storeOutputAutomatically>true</storeOutputAutomatically>
    </recordLookups>
    <recordLookups>
        <description>Fetching Life Event records as part of Interactions</description>
        <name>Fetching_Life_Event_records</name>
        <label>Fetching Life Event records</label>
        <locationX>0</locationX>
        <locationY>0</locationY>
        <assignNullValuesIfNoRecordsFound>false</assignNullValuesIfNoRecordsFound>
        <connector>
            <targetReference>Checking_if_event_records_are_fetched</targetReference>
        </connector>
        <filterLogic>and</filterLogic>
        <filters>
            <field>Party__c</field>
            <operator>In</operator>
            <value>
                <elementReference>HouseholdPartyIDs</elementReference>
            </value>
        </filters>
        <getFirstRecordOnly>false</getFirstRecordOnly>
        <object>UST_Life_Events__c</object>
        <storeOutputAutomatically>true</storeOutputAutomatically>
    </recordLookups>
    <start>
        <locationX>0</locationX>
        <locationY>0</locationY>
        <connector>
            <targetReference>Fetch_Primary_Party</targetReference>
        </connector>
    </start>
    <status>Draft</status>
    <variables>
        <description>Variable to store the input account ID</description>
        <name>accID</name>
        <dataType>String</dataType>
        <isCollection>false</isCollection>
        <isInput>true</isInput>
        <isOutput>false</isOutput>
    </variables>
    <variables>
        <description>Indicates whether the first First Event record in the loop has been processed</description>
        <name>FirstLifeEventRecord</name>
        <dataType>Boolean</dataType>
        <isCollection>false</isCollection>
        <isInput>false</isInput>
        <isOutput>false</isOutput>
        <value>
            <booleanValue>false</booleanValue>
        </value>
    </variables>
    <variables>
        <description>Variable to store all the IDs of related party records</description>
        <name>HouseholdPartyIDs</name>
        <dataType>String</dataType>
        <isCollection>true</isCollection>
        <isInput>false</isInput>
        <isOutput>false</isOutput>
    </variables>
    <variables>
        <description>Variable to store the JSON payload for Life Events records</description>
        <name>LifeEventsCollectionsJson</name>
        <dataType>String</dataType>
        <isCollection>false</isCollection>
        <isInput>false</isInput>
        <isOutput>true</isOutput>
    </variables>
</Flow>
