<?xml version="1.0" encoding="UTF-8"?>
<Flow xmlns="http://soap.sforce.com/2006/04/metadata">
    <apiVersion>65.0</apiVersion>
    <areMetricsLoggedToDataCloud>false</areMetricsLoggedToDataCloud>
    <assignments>
        <description>Assigning Revenue values when Primary party doesn&apos;t have parent household record</description>
        <name>Assigning_Revenue_values</name>
        <label>Assigning Revenue values</label>
        <locationX>0</locationX>
        <locationY>0</locationY>
        <assignmentItems>
            <assignToReference>TotalCreditVar</assignToReference>
            <operator>Assign</operator>
            <value>
                <elementReference>PrimaryPartyRecord.R12_Rev_Credit__c</elementReference>
            </value>
        </assignmentItems>
        <assignmentItems>
            <assignToReference>TotalDepositVar</assignToReference>
            <operator>Assign</operator>
            <value>
                <elementReference>PrimaryPartyRecord.R12_Rev_Deposit__c</elementReference>
            </value>
        </assignmentItems>
        <assignmentItems>
            <assignToReference>TotalRevenueVar</assignToReference>
            <operator>Assign</operator>
            <value>
                <elementReference>PrimaryPartyRecord.R12_Rev_Total__c</elementReference>
            </value>
        </assignmentItems>
        <connector>
            <targetReference>Assigning_Total_Balance_Variable</targetReference>
        </connector>
    </assignments>
    <assignments>
        <description>Element to assign the rolled up revenue field values</description>
        <name>Assigning_rolled_up_revenue</name>
        <label>Assigning rolled up revenue</label>
        <locationX>0</locationX>
        <locationY>0</locationY>
        <assignmentItems>
            <assignToReference>TotalRevenueVar</assignToReference>
            <operator>Add</operator>
            <value>
                <elementReference>Looping_related_parties.R12_Rev_Total__c</elementReference>
            </value>
        </assignmentItems>
        <assignmentItems>
            <assignToReference>TotalDepositVar</assignToReference>
            <operator>Add</operator>
            <value>
                <elementReference>Looping_related_parties.R12_Rev_Deposit__c</elementReference>
            </value>
        </assignmentItems>
        <assignmentItems>
            <assignToReference>TotalCreditVar</assignToReference>
            <operator>Add</operator>
            <value>
                <elementReference>Looping_related_parties.R12_Rev_Credit__c</elementReference>
            </value>
        </assignmentItems>
        <connector>
            <targetReference>Looping_related_parties</targetReference>
        </connector>
    </assignments>
    <assignments>
        <name>Assigning_Total_Balance_Variable</name>
        <label>Assigning Total Balance Variable</label>
        <locationX>0</locationX>
        <locationY>0</locationY>
        <assignmentItems>
            <assignToReference>TotalBalanceVar</assignToReference>
            <operator>Add</operator>
            <value>
                <elementReference>TotalCreditVar</elementReference>
            </value>
        </assignmentItems>
        <assignmentItems>
            <assignToReference>TotalBalanceVar</assignToReference>
            <operator>Add</operator>
            <value>
                <elementReference>TotalDepositVar</elementReference>
            </value>
        </assignmentItems>
    </assignments>
    <assignments>
        <name>Fetching_Parent_Record_ID</name>
        <label>Fetching Parent Record ID</label>
        <locationX>0</locationX>
        <locationY>0</locationY>
        <assignmentItems>
            <assignToReference>parentRecordID</assignToReference>
            <operator>Assign</operator>
            <value>
                <elementReference>Looping_Party_Records.ParentId</elementReference>
            </value>
        </assignmentItems>
        <assignmentItems>
            <assignToReference>PrimaryPartyRecord</assignToReference>
            <operator>Assign</operator>
            <value>
                <elementReference>Looping_Party_Records</elementReference>
            </value>
        </assignmentItems>
        <connector>
            <targetReference>Looping_Party_Records</targetReference>
        </connector>
    </assignments>
    <decisions>
        <description>Checking if Parent Household Party ID is not null</description>
        <name>Checking_Parent_ID_is_present</name>
        <label>Checking Parent ID is present</label>
        <locationX>0</locationX>
        <locationY>0</locationY>
        <defaultConnector>
            <targetReference>Assigning_Revenue_values</targetReference>
        </defaultConnector>
        <defaultConnectorLabel>Parent ID is NULL</defaultConnectorLabel>
        <rules>
            <name>Parent_ID_is_present</name>
            <conditionLogic>and</conditionLogic>
            <conditions>
                <leftValueReference>parentRecordID</leftValueReference>
                <operator>IsNull</operator>
                <rightValue>
                    <booleanValue>false</booleanValue>
                </rightValue>
            </conditions>
            <connector>
                <targetReference>Fetch_parties_related_to_the_household_parent_party</targetReference>
            </connector>
            <label>Parent ID is present</label>
        </rules>
    </decisions>
    <description>Aggregates key financial roll-ups, balances, and recent financial accounts for the relationship.</description>
    <environments>Default</environments>
    <interviewLabel>F_GET_FinancialSummary {!$Flow.CurrentDateTime}</interviewLabel>
    <label>F_GET_FinancialSummary</label>
    <loops>
        <description>Loop for party records</description>
        <name>Looping_Party_Records</name>
        <label>Looping Party Records</label>
        <locationX>0</locationX>
        <locationY>0</locationY>
        <collectionReference>Get_Party_Record</collectionReference>
        <iterationOrder>Asc</iterationOrder>
        <nextValueConnector>
            <targetReference>Fetching_Parent_Record_ID</targetReference>
        </nextValueConnector>
        <noMoreValuesConnector>
            <targetReference>Checking_Parent_ID_is_present</targetReference>
        </noMoreValuesConnector>
    </loops>
    <loops>
        <description>Element to loop the related parties of the party meet prep</description>
        <name>Looping_related_parties</name>
        <label>Looping related parties</label>
        <locationX>0</locationX>
        <locationY>0</locationY>
        <collectionReference>Fetch_parties_related_to_the_household_parent_party</collectionReference>
        <iterationOrder>Asc</iterationOrder>
        <nextValueConnector>
            <targetReference>Assigning_rolled_up_revenue</targetReference>
        </nextValueConnector>
        <noMoreValuesConnector>
            <targetReference>Assigning_Total_Balance_Variable</targetReference>
        </noMoreValuesConnector>
    </loops>
    <processMetadataValues>
        <name>BuilderType</name>
        <value>
            <stringValue>LightningFlowBuilder</stringValue>
        </value>
    </processMetadataValues>
    <processMetadataValues>
        <name>CanvasMode</name>
        <value>
            <stringValue>AUTO_LAYOUT_CANVAS</stringValue>
        </value>
    </processMetadataValues>
    <processMetadataValues>
        <name>OriginBuilderType</name>
        <value>
            <stringValue>LightningFlowBuilder</stringValue>
        </value>
    </processMetadataValues>
    <processType>AutoLaunchedFlow</processType>
    <recordLookups>
        <description>Fetch parties related to the household parent party</description>
        <name>Fetch_parties_related_to_the_household_parent_party</name>
        <label>Fetch parties related to the household parent party</label>
        <locationX>0</locationX>
        <locationY>0</locationY>
        <assignNullValuesIfNoRecordsFound>false</assignNullValuesIfNoRecordsFound>
        <connector>
            <targetReference>Looping_related_parties</targetReference>
        </connector>
        <filterLogic>and</filterLogic>
        <filters>
            <field>ParentId</field>
            <operator>EqualTo</operator>
            <value>
                <elementReference>parentRecordID</elementReference>
            </value>
        </filters>
        <getFirstRecordOnly>false</getFirstRecordOnly>
        <object>Account</object>
        <storeOutputAutomatically>true</storeOutputAutomatically>
    </recordLookups>
    <recordLookups>
        <name>Get_Party_Record</name>
        <label>Get Party Record</label>
        <locationX>0</locationX>
        <locationY>0</locationY>
        <assignNullValuesIfNoRecordsFound>false</assignNullValuesIfNoRecordsFound>
        <connector>
            <targetReference>Looping_Party_Records</targetReference>
        </connector>
        <filterLogic>and</filterLogic>
        <filters>
            <field>Id</field>
            <operator>EqualTo</operator>
            <value>
                <elementReference>accID</elementReference>
            </value>
        </filters>
        <getFirstRecordOnly>false</getFirstRecordOnly>
        <object>Account</object>
        <storeOutputAutomatically>true</storeOutputAutomatically>
    </recordLookups>
    <start>
        <locationX>0</locationX>
        <locationY>0</locationY>
        <connector>
            <targetReference>Get_Party_Record</targetReference>
        </connector>
    </start>
    <status>Active</status>
    <variables>
        <name>accID</name>
        <dataType>String</dataType>
        <isCollection>false</isCollection>
        <isInput>true</isInput>
        <isOutput>false</isOutput>
    </variables>
    <variables>
        <description>Variable to fetch the parent record ID</description>
        <name>parentRecordID</name>
        <dataType>String</dataType>
        <isCollection>false</isCollection>
        <isInput>false</isInput>
        <isOutput>false</isOutput>
    </variables>
    <variables>
        <description>Variable to record the party&apos;s parent record ID</description>
        <name>partyParentRecordID</name>
        <dataType>String</dataType>
        <isCollection>false</isCollection>
        <isInput>false</isInput>
        <isOutput>false</isOutput>
    </variables>
    <variables>
        <description>Record Type Variable to store the primary party fields</description>
        <name>PrimaryPartyRecord</name>
        <dataType>SObject</dataType>
        <isCollection>false</isCollection>
        <isInput>false</isInput>
        <isOutput>false</isOutput>
        <objectType>Account</objectType>
    </variables>
    <variables>
        <description>Variable to record the total balance for all the related parties</description>
        <name>TotalBalanceVar</name>
        <dataType>Currency</dataType>
        <isCollection>false</isCollection>
        <isInput>false</isInput>
        <isOutput>true</isOutput>
        <scale>0</scale>
    </variables>
    <variables>
        <description>Variable to record the total credits for all related parties</description>
        <name>TotalCreditVar</name>
        <dataType>Currency</dataType>
        <isCollection>false</isCollection>
        <isInput>false</isInput>
        <isOutput>true</isOutput>
        <scale>0</scale>
    </variables>
    <variables>
        <description>Variable to record the total deposits for all party accounts</description>
        <name>TotalDepositVar</name>
        <dataType>Currency</dataType>
        <isCollection>false</isCollection>
        <isInput>false</isInput>
        <isOutput>true</isOutput>
        <scale>0</scale>
    </variables>
    <variables>
        <description>Variable to store the total revenue of all related parties</description>
        <name>TotalRevenueVar</name>
        <dataType>Currency</dataType>
        <isCollection>false</isCollection>
        <isInput>false</isInput>
        <isOutput>true</isOutput>
        <scale>0</scale>
    </variables>
</Flow>
