<?xml version="1.0" encoding="UTF-8"?>
<Flow xmlns="http://soap.sforce.com/2006/04/metadata">
    <apiVersion>65.0</apiVersion>
    <areMetricsLoggedToDataCloud>false</areMetricsLoggedToDataCloud>
    <assignments>
        <name>Add_Comma_Seperator</name>
        <label>Add Comma Seperator</label>
        <locationX>0</locationX>
        <locationY>0</locationY>
        <assignmentItems>
            <assignToReference>FinancialCollectionJson</assignToReference>
            <operator>Add</operator>
            <value>
                <stringValue>,</stringValue>
            </value>
        </assignmentItems>
        <connector>
            <targetReference>Assign_Values</targetReference>
        </connector>
    </assignments>
    <assignments>
        <name>Assign_Values</name>
        <label>Assign Values</label>
        <locationX>0</locationX>
        <locationY>0</locationY>
        <assignmentItems>
            <assignToReference>FinancialCollectionJson</assignToReference>
            <operator>Add</operator>
            <value>
                <stringValue>{ &quot;Id&quot;:&quot;</stringValue>
            </value>
        </assignmentItems>
        <assignmentItems>
            <assignToReference>FinancialCollectionJson</assignToReference>
            <operator>Add</operator>
            <value>
                <elementReference>Loop_on_fetch_Related_financial_Records.Id</elementReference>
            </value>
        </assignmentItems>
        <assignmentItems>
            <assignToReference>FinancialCollectionJson</assignToReference>
            <operator>Add</operator>
            <value>
                <stringValue>&quot;,&quot;Primary Owner&quot;:&quot;</stringValue>
            </value>
        </assignmentItems>
        <assignmentItems>
            <assignToReference>FinancialCollectionJson</assignToReference>
            <operator>Add</operator>
            <value>
                <elementReference>Loop_on_fetch_Related_financial_Records.FinServ_PrimaryOwner__r.Name</elementReference>
            </value>
        </assignmentItems>
        <assignmentItems>
            <assignToReference>FinancialCollectionJson</assignToReference>
            <operator>Add</operator>
            <value>
                <stringValue>&quot;,&quot;Seg&quot;:</stringValue>
            </value>
        </assignmentItems>
        <assignmentItems>
            <assignToReference>FinancialCollectionJson</assignToReference>
            <operator>Add</operator>
            <value>
                <elementReference>Loop_on_fetch_Related_financial_Records.Relationship_Segmentation_Eligibility__c</elementReference>
            </value>
        </assignmentItems>
        <assignmentItems>
            <assignToReference>FinancialCollectionJson</assignToReference>
            <operator>Add</operator>
            <value>
                <stringValue>,&quot;Balance&quot;:</stringValue>
            </value>
        </assignmentItems>
        <assignmentItems>
            <assignToReference>FinancialCollectionJson</assignToReference>
            <operator>Add</operator>
            <value>
                <elementReference>Loop_on_fetch_Related_financial_Records.FinServ_Balance__c</elementReference>
            </value>
        </assignmentItems>
        <assignmentItems>
            <assignToReference>FinancialCollectionJson</assignToReference>
            <operator>Add</operator>
            <value>
                <stringValue>,&quot;Product Category&quot;:&quot;</stringValue>
            </value>
        </assignmentItems>
        <assignmentItems>
            <assignToReference>FinancialCollectionJson</assignToReference>
            <operator>Add</operator>
            <value>
                <elementReference>Loop_on_fetch_Related_financial_Records.Type__c</elementReference>
            </value>
        </assignmentItems>
        <assignmentItems>
            <assignToReference>FinancialCollectionJson</assignToReference>
            <operator>Add</operator>
            <value>
                <stringValue>&quot;,&quot;OpenedDate&quot;:&quot;</stringValue>
            </value>
        </assignmentItems>
        <assignmentItems>
            <assignToReference>FinancialCollectionJson</assignToReference>
            <operator>Add</operator>
            <value>
                <elementReference>Loop_on_fetch_Related_financial_Records.Account_Opened_Date__c</elementReference>
            </value>
        </assignmentItems>
        <assignmentItems>
            <assignToReference>FinancialCollectionJson</assignToReference>
            <operator>Add</operator>
            <value>
                <stringValue>&quot;,&quot;Rolling 12 Month Revenue&quot;:</stringValue>
            </value>
        </assignmentItems>
        <assignmentItems>
            <assignToReference>FinancialCollectionJson</assignToReference>
            <operator>Add</operator>
            <value>
                <elementReference>Loop_on_fetch_Related_financial_Records.Rolling12MoRevenue__c</elementReference>
            </value>
        </assignmentItems>
        <assignmentItems>
            <assignToReference>FinancialCollectionJson</assignToReference>
            <operator>Add</operator>
            <value>
                <stringValue>}</stringValue>
            </value>
        </assignmentItems>
        <connector>
            <targetReference>Loop_on_fetch_Related_financial_Records</targetReference>
        </connector>
    </assignments>
    <assignments>
        <name>Finalize_JSON_String</name>
        <label>Finalize JSON String</label>
        <locationX>0</locationX>
        <locationY>0</locationY>
        <assignmentItems>
            <assignToReference>FinancialCollectionJson</assignToReference>
            <operator>Add</operator>
            <value>
                <stringValue>]</stringValue>
            </value>
        </assignmentItems>
    </assignments>
    <assignments>
        <name>Initialize_Json_String</name>
        <label>Initialize Json String</label>
        <locationX>0</locationX>
        <locationY>0</locationY>
        <assignmentItems>
            <assignToReference>FinancialCollectionJson</assignToReference>
            <operator>Assign</operator>
            <value>
                <stringValue>[</stringValue>
            </value>
        </assignmentItems>
        <connector>
            <targetReference>Loop_on_fetch_Related_financial_Records</targetReference>
        </connector>
    </assignments>
    <assignments>
        <name>Set_FirstFinAccProcessed_to_True</name>
        <label>Set FirstFinAccProcessed to True</label>
        <locationX>0</locationX>
        <locationY>0</locationY>
        <assignmentItems>
            <assignToReference>firstFinAccProcessed</assignToReference>
            <operator>Assign</operator>
            <value>
                <booleanValue>true</booleanValue>
            </value>
        </assignmentItems>
        <connector>
            <targetReference>Assign_Values</targetReference>
        </connector>
    </assignments>
    <assignments>
        <name>Setting_Account_ID</name>
        <label>Setting Account ID</label>
        <locationX>0</locationX>
        <locationY>0</locationY>
        <assignmentItems>
            <assignToReference>StoreAccountIDs</assignToReference>
            <operator>Add</operator>
            <value>
                <elementReference>accID</elementReference>
            </value>
        </assignmentItems>
        <connector>
            <targetReference>Fetch_Financial_Account_Records</targetReference>
        </connector>
    </assignments>
    <assignments>
        <name>Setting_Related_Party_IDs</name>
        <label>Setting Related Party IDs</label>
        <locationX>0</locationX>
        <locationY>0</locationY>
        <assignmentItems>
            <assignToReference>StoreAccountIDs</assignToReference>
            <operator>Add</operator>
            <value>
                <elementReference>Looping_related_Parties.Id</elementReference>
            </value>
        </assignmentItems>
        <connector>
            <targetReference>Looping_related_Parties</targetReference>
        </connector>
    </assignments>
    <decisions>
        <name>Checking_if_Parent_ID_is_present</name>
        <label>Checking if Parent ID is present</label>
        <locationX>0</locationX>
        <locationY>0</locationY>
        <defaultConnector>
            <targetReference>Setting_Account_ID</targetReference>
        </defaultConnector>
        <defaultConnectorLabel>Parent Party ID Null</defaultConnectorLabel>
        <rules>
            <name>Parent_Party_ID_present</name>
            <conditionLogic>and</conditionLogic>
            <conditions>
                <leftValueReference>Fetch_Party_Record.Parent.ParentId</leftValueReference>
                <operator>IsNull</operator>
                <rightValue>
                    <booleanValue>false</booleanValue>
                </rightValue>
            </conditions>
            <connector>
                <targetReference>Fetch_related_Parties_records</targetReference>
            </connector>
            <label>Parent Party ID present</label>
        </rules>
    </decisions>
    <decisions>
        <name>If_Financial_Account_Record_Found</name>
        <label>If Financial Account Record Found</label>
        <locationX>0</locationX>
        <locationY>0</locationY>
        <defaultConnector>
            <targetReference>Finalize_JSON_String</targetReference>
        </defaultConnector>
        <defaultConnectorLabel>Default Outcome</defaultConnectorLabel>
        <rules>
            <name>Is_Financial_Account_Record_Available</name>
            <conditionLogic>and</conditionLogic>
            <conditions>
                <leftValueReference>Fetch_Financial_Account_Records</leftValueReference>
                <operator>IsNull</operator>
                <rightValue>
                    <booleanValue>false</booleanValue>
                </rightValue>
            </conditions>
            <connector>
                <targetReference>Initialize_Json_String</targetReference>
            </connector>
            <label>Is Financial Account Record Available?</label>
        </rules>
    </decisions>
    <decisions>
        <name>Is_First_Loop</name>
        <label>Is First Loop</label>
        <locationX>0</locationX>
        <locationY>0</locationY>
        <defaultConnector>
            <targetReference>Add_Comma_Seperator</targetReference>
        </defaultConnector>
        <defaultConnectorLabel>Not First Loop</defaultConnectorLabel>
        <rules>
            <name>First_Loop</name>
            <conditionLogic>and</conditionLogic>
            <conditions>
                <leftValueReference>firstFinAccProcessed</leftValueReference>
                <operator>EqualTo</operator>
                <rightValue>
                    <booleanValue>false</booleanValue>
                </rightValue>
            </conditions>
            <connector>
                <targetReference>Set_FirstFinAccProcessed_to_True</targetReference>
            </connector>
            <label>First Loop</label>
        </rules>
    </decisions>
    <environments>Default</environments>
    <formulas>
        <name>LastQuarterDate</name>
        <dataType>Date</dataType>
        <expression>ADDMONTHS(TODAY(),-3)</expression>
    </formulas>
    <interviewLabel>F_GET_RecentlyOpenedAccounts {!$Flow.CurrentDateTime}</interviewLabel>
    <label>F_GET_RecentlyOpenedAccounts</label>
    <loops>
        <name>Loop_on_fetch_Related_financial_Records</name>
        <label>Loop on fetch Related financial Records</label>
        <locationX>0</locationX>
        <locationY>0</locationY>
        <collectionReference>Fetch_Financial_Account_Records</collectionReference>
        <iterationOrder>Asc</iterationOrder>
        <nextValueConnector>
            <targetReference>Is_First_Loop</targetReference>
        </nextValueConnector>
        <noMoreValuesConnector>
            <targetReference>Finalize_JSON_String</targetReference>
        </noMoreValuesConnector>
    </loops>
    <loops>
        <name>Looping_related_Parties</name>
        <label>Looping related Parties</label>
        <locationX>0</locationX>
        <locationY>0</locationY>
        <collectionReference>Fetch_related_Parties_records</collectionReference>
        <iterationOrder>Asc</iterationOrder>
        <nextValueConnector>
            <targetReference>Setting_Related_Party_IDs</targetReference>
        </nextValueConnector>
        <noMoreValuesConnector>
            <targetReference>Fetch_Financial_Account_Records</targetReference>
        </noMoreValuesConnector>
    </loops>
    <processMetadataValues>
        <name>BuilderType</name>
        <value>
            <stringValue>LightningFlowBuilder</stringValue>
        </value>
    </processMetadataValues>
    <processMetadataValues>
        <name>CanvasMode</name>
        <value>
            <stringValue>AUTO_LAYOUT_CANVAS</stringValue>
        </value>
    </processMetadataValues>
    <processMetadataValues>
        <name>OriginBuilderType</name>
        <value>
            <stringValue>LightningFlowBuilder</stringValue>
        </value>
    </processMetadataValues>
    <processType>AutoLaunchedFlow</processType>
    <recordLookups>
        <name>Fetch_Financial_Account_Records</name>
        <label>Fetch Financial Account Records</label>
        <locationX>0</locationX>
        <locationY>0</locationY>
        <assignNullValuesIfNoRecordsFound>false</assignNullValuesIfNoRecordsFound>
        <connector>
            <targetReference>If_Financial_Account_Record_Found</targetReference>
        </connector>
        <filterLogic>and</filterLogic>
        <filters>
            <field>Relationship_Segmentation_Eligibility__c</field>
            <operator>EqualTo</operator>
            <value>
                <booleanValue>true</booleanValue>
            </value>
        </filters>
        <filters>
            <field>Account_Opened_Date__c</field>
            <operator>GreaterThanOrEqualTo</operator>
            <value>
                <elementReference>LastQuarterDate</elementReference>
            </value>
        </filters>
        <getFirstRecordOnly>false</getFirstRecordOnly>
        <object>FinServ_FinancialAccount__c</object>
        <storeOutputAutomatically>true</storeOutputAutomatically>
    </recordLookups>
    <recordLookups>
        <name>Fetch_Party_Record</name>
        <label>Fetch Party Record</label>
        <locationX>0</locationX>
        <locationY>0</locationY>
        <assignNullValuesIfNoRecordsFound>false</assignNullValuesIfNoRecordsFound>
        <connector>
            <targetReference>Checking_if_Parent_ID_is_present</targetReference>
        </connector>
        <filterLogic>and</filterLogic>
        <filters>
            <field>Id</field>
            <operator>EqualTo</operator>
            <value>
                <elementReference>accID</elementReference>
            </value>
        </filters>
        <getFirstRecordOnly>true</getFirstRecordOnly>
        <object>Account</object>
        <storeOutputAutomatically>true</storeOutputAutomatically>
    </recordLookups>
    <recordLookups>
        <name>Fetch_related_Parties_records</name>
        <label>Fetch related Parties records</label>
        <locationX>0</locationX>
        <locationY>0</locationY>
        <assignNullValuesIfNoRecordsFound>false</assignNullValuesIfNoRecordsFound>
        <connector>
            <targetReference>Looping_related_Parties</targetReference>
        </connector>
        <filterLogic>and</filterLogic>
        <filters>
            <field>ParentId</field>
            <operator>EqualTo</operator>
            <value>
                <elementReference>Fetch_Party_Record.ParentId</elementReference>
            </value>
        </filters>
        <getFirstRecordOnly>false</getFirstRecordOnly>
        <object>Account</object>
        <storeOutputAutomatically>true</storeOutputAutomatically>
    </recordLookups>
    <start>
        <locationX>0</locationX>
        <locationY>0</locationY>
        <connector>
            <targetReference>Fetch_Party_Record</targetReference>
        </connector>
    </start>
    <status>Active</status>
    <variables>
        <name>accID</name>
        <dataType>String</dataType>
        <isCollection>false</isCollection>
        <isInput>true</isInput>
        <isOutput>false</isOutput>
    </variables>
    <variables>
        <name>FinancialCollectionJson</name>
        <dataType>String</dataType>
        <isCollection>false</isCollection>
        <isInput>false</isInput>
        <isOutput>true</isOutput>
    </variables>
    <variables>
        <description>Indicates whether the first Financial Account record in the loop has been processed</description>
        <name>firstFinAccProcessed</name>
        <dataType>Boolean</dataType>
        <isCollection>false</isCollection>
        <isInput>false</isInput>
        <isOutput>false</isOutput>
        <value>
            <booleanValue>false</booleanValue>
        </value>
    </variables>
    <variables>
        <name>PartyParentID</name>
        <dataType>String</dataType>
        <isCollection>false</isCollection>
        <isInput>false</isInput>
        <isOutput>false</isOutput>
    </variables>
    <variables>
        <name>StoreAccountIDs</name>
        <dataType>String</dataType>
        <isCollection>true</isCollection>
        <isInput>false</isInput>
        <isOutput>false</isOutput>
    </variables>
</Flow>
