<?xml version="1.0" encoding="UTF-8"?>
<Flow xmlns="http://soap.sforce.com/2006/04/metadata">
    <apiVersion>65.0</apiVersion>
    <areMetricsLoggedToDataCloud>false</areMetricsLoggedToDataCloud>
    <assignments>
        <name>Add_comma</name>
        <label>Add comma</label>
        <locationX>0</locationX>
        <locationY>0</locationY>
        <assignmentItems>
            <assignToReference>EducationCollectionJSON</assignToReference>
            <operator>Add</operator>
            <value>
                <stringValue>,</stringValue>
            </value>
        </assignmentItems>
        <connector>
            <targetReference>Assigning_Education_records_to_Collection_Variable</targetReference>
        </connector>
    </assignments>
    <assignments>
        <name>Assigning_Education_records_to_Collection_Variable</name>
        <label>Assigning Education records to Collection Variable</label>
        <locationX>0</locationX>
        <locationY>0</locationY>
        <assignmentItems>
            <assignToReference>EducationCollectionJSON</assignToReference>
            <operator>Add</operator>
            <value>
                <stringValue>{ &quot;Id&quot;:&quot;</stringValue>
            </value>
        </assignmentItems>
        <assignmentItems>
            <assignToReference>EducationCollectionJSON</assignToReference>
            <operator>Add</operator>
            <value>
                <elementReference>Looping_the_Education_Records.Id</elementReference>
            </value>
        </assignmentItems>
        <assignmentItems>
            <assignToReference>EducationCollectionJSON</assignToReference>
            <operator>Add</operator>
            <value>
                <stringValue>&quot;,&quot;School&quot;:&quot;</stringValue>
            </value>
        </assignmentItems>
        <assignmentItems>
            <assignToReference>EducationCollectionJSON</assignToReference>
            <operator>Add</operator>
            <value>
                <elementReference>Looping_the_Education_Records.School__c</elementReference>
            </value>
        </assignmentItems>
        <assignmentItems>
            <assignToReference>EducationCollectionJSON</assignToReference>
            <operator>Add</operator>
            <value>
                <stringValue>&quot;,&quot;Degree&quot;:&quot;</stringValue>
            </value>
        </assignmentItems>
        <assignmentItems>
            <assignToReference>EducationCollectionJSON</assignToReference>
            <operator>Add</operator>
            <value>
                <elementReference>Looping_the_Education_Records.Degree__c</elementReference>
            </value>
        </assignmentItems>
        <assignmentItems>
            <assignToReference>EducationCollectionJSON</assignToReference>
            <operator>Add</operator>
            <value>
                <stringValue>&quot;,&quot;Date&quot;:&quot;</stringValue>
            </value>
        </assignmentItems>
        <assignmentItems>
            <assignToReference>EducationCollectionJSON</assignToReference>
            <operator>Add</operator>
            <value>
                <elementReference>Looping_the_Education_Records.Date__c</elementReference>
            </value>
        </assignmentItems>
        <assignmentItems>
            <assignToReference>EducationCollectionJSON</assignToReference>
            <operator>Add</operator>
            <value>
                <stringValue>&quot;}</stringValue>
            </value>
        </assignmentItems>
        <connector>
            <targetReference>Looping_the_Education_Records</targetReference>
        </connector>
    </assignments>
    <assignments>
        <name>Finalize_Education_JSON_String</name>
        <label>Finalize Education JSON String</label>
        <locationX>0</locationX>
        <locationY>0</locationY>
        <assignmentItems>
            <assignToReference>EducationCollectionJSON</assignToReference>
            <operator>Add</operator>
            <value>
                <stringValue>]</stringValue>
            </value>
        </assignmentItems>
    </assignments>
    <assignments>
        <name>Initialize_Education_Json_String</name>
        <label>Initialize Education Json String</label>
        <locationX>0</locationX>
        <locationY>0</locationY>
        <assignmentItems>
            <assignToReference>EducationCollectionJSON</assignToReference>
            <operator>Assign</operator>
            <value>
                <stringValue>[</stringValue>
            </value>
        </assignmentItems>
        <connector>
            <targetReference>Looping_the_Education_Records</targetReference>
        </connector>
    </assignments>
    <assignments>
        <name>Set_FirstLoopProcessed_as_true</name>
        <label>Set FirstLoopProcessed as true</label>
        <locationX>0</locationX>
        <locationY>0</locationY>
        <assignmentItems>
            <assignToReference>FirstLoopProcessed</assignToReference>
            <operator>Assign</operator>
            <value>
                <booleanValue>true</booleanValue>
            </value>
        </assignmentItems>
        <connector>
            <targetReference>Assigning_Education_records_to_Collection_Variable</targetReference>
        </connector>
    </assignments>
    <decisions>
        <name>Check_if_first_in_loop</name>
        <label>Check if first in loop</label>
        <locationX>0</locationX>
        <locationY>0</locationY>
        <defaultConnector>
            <targetReference>Add_comma</targetReference>
        </defaultConnector>
        <defaultConnectorLabel>Not First</defaultConnectorLabel>
        <rules>
            <name>First_in_Loop</name>
            <conditionLogic>and</conditionLogic>
            <conditions>
                <leftValueReference>FirstLoopProcessed</leftValueReference>
                <operator>EqualTo</operator>
                <rightValue>
                    <booleanValue>false</booleanValue>
                </rightValue>
            </conditions>
            <connector>
                <targetReference>Set_FirstLoopProcessed_as_true</targetReference>
            </connector>
            <label>First in Loop</label>
        </rules>
    </decisions>
    <decisions>
        <name>If_Education_Record_Found</name>
        <label>If Education Record Found</label>
        <locationX>0</locationX>
        <locationY>0</locationY>
        <defaultConnectorLabel>Default Outcome</defaultConnectorLabel>
        <rules>
            <name>Is_Education_Record_Available</name>
            <conditionLogic>and</conditionLogic>
            <conditions>
                <leftValueReference>Get_Education_Object_Records</leftValueReference>
                <operator>IsNull</operator>
                <rightValue>
                    <booleanValue>false</booleanValue>
                </rightValue>
            </conditions>
            <connector>
                <targetReference>Initialize_Education_Json_String</targetReference>
            </connector>
            <label>Is Education Record Available?</label>
        </rules>
    </decisions>
    <description>Autolaunched flow to fetch Party related Education field values</description>
    <environments>Default</environments>
    <interviewLabel>Education Data Flow {!$Flow.CurrentDateTime}</interviewLabel>
    <label>Education Data Flow</label>
    <loops>
        <name>Looping_the_Education_Records</name>
        <label>Looping the Education Records</label>
        <locationX>0</locationX>
        <locationY>0</locationY>
        <collectionReference>Get_Education_Object_Records</collectionReference>
        <iterationOrder>Asc</iterationOrder>
        <nextValueConnector>
            <targetReference>Check_if_first_in_loop</targetReference>
        </nextValueConnector>
        <noMoreValuesConnector>
            <targetReference>Finalize_Education_JSON_String</targetReference>
        </noMoreValuesConnector>
    </loops>
    <processMetadataValues>
        <name>BuilderType</name>
        <value>
            <stringValue>LightningFlowBuilder</stringValue>
        </value>
    </processMetadataValues>
    <processMetadataValues>
        <name>CanvasMode</name>
        <value>
            <stringValue>AUTO_LAYOUT_CANVAS</stringValue>
        </value>
    </processMetadataValues>
    <processMetadataValues>
        <name>OriginBuilderType</name>
        <value>
            <stringValue>LightningFlowBuilder</stringValue>
        </value>
    </processMetadataValues>
    <processType>AutoLaunchedFlow</processType>
    <recordLookups>
        <name>Get_Education_Object_Records</name>
        <label>Get Education Object Records</label>
        <locationX>0</locationX>
        <locationY>0</locationY>
        <assignNullValuesIfNoRecordsFound>false</assignNullValuesIfNoRecordsFound>
        <connector>
            <targetReference>If_Education_Record_Found</targetReference>
        </connector>
        <filterLogic>and</filterLogic>
        <filters>
            <field>Party__c</field>
            <operator>EqualTo</operator>
            <value>
                <elementReference>Get_Primary_Party_Record.Id</elementReference>
            </value>
        </filters>
        <getFirstRecordOnly>false</getFirstRecordOnly>
        <object>UST_Education__c</object>
        <storeOutputAutomatically>true</storeOutputAutomatically>
    </recordLookups>
    <recordLookups>
        <description>Fetching the primary party for whom the meeting prep summary needs to be generated</description>
        <name>Get_Primary_Party_Record</name>
        <label>Get Primary Party Record</label>
        <locationX>0</locationX>
        <locationY>0</locationY>
        <assignNullValuesIfNoRecordsFound>false</assignNullValuesIfNoRecordsFound>
        <connector>
            <targetReference>Get_Education_Object_Records</targetReference>
        </connector>
        <filterLogic>and</filterLogic>
        <filters>
            <field>Id</field>
            <operator>EqualTo</operator>
            <value>
                <elementReference>accID</elementReference>
            </value>
        </filters>
        <getFirstRecordOnly>true</getFirstRecordOnly>
        <object>Account</object>
        <storeOutputAutomatically>true</storeOutputAutomatically>
    </recordLookups>
    <start>
        <locationX>0</locationX>
        <locationY>0</locationY>
        <connector>
            <targetReference>Get_Primary_Party_Record</targetReference>
        </connector>
    </start>
    <status>Active</status>
    <variables>
        <description>Variable for recording the input account ID</description>
        <name>accID</name>
        <dataType>String</dataType>
        <isCollection>false</isCollection>
        <isInput>true</isInput>
        <isOutput>false</isOutput>
    </variables>
    <variables>
        <name>EducationCollectionJSON</name>
        <dataType>String</dataType>
        <isCollection>false</isCollection>
        <isInput>false</isInput>
        <isOutput>true</isOutput>
    </variables>
    <variables>
        <name>FirstLoopProcessed</name>
        <dataType>Boolean</dataType>
        <isCollection>false</isCollection>
        <isInput>false</isInput>
        <isOutput>false</isOutput>
        <value>
            <booleanValue>false</booleanValue>
        </value>
    </variables>
    <variables>
        <description>Record for containing current Education Record</description>
        <name>TempEducationVar</name>
        <dataType>SObject</dataType>
        <isCollection>false</isCollection>
        <isInput>false</isInput>
        <isOutput>false</isOutput>
        <objectType>UST_Education__c</objectType>
    </variables>
</Flow>
