<?xml version="1.0" encoding="UTF-8"?>
<Flow xmlns="http://soap.sforce.com/2006/04/metadata">
    <apiVersion>65.0</apiVersion>
    <areMetricsLoggedToDataCloud>false</areMetricsLoggedToDataCloud>
    <assignments>
        <description>Assigning related party Account IDs when household ID is present</description>
        <name>Assigning_Household_Party_IDs</name>
        <label>Assigning Household Party IDs</label>
        <locationX>0</locationX>
        <locationY>0</locationY>
        <assignmentItems>
            <assignToReference>HouseholdPartyIDs</assignToReference>
            <operator>Add</operator>
            <value>
                <elementReference>Looping_Related_Party_records.Id</elementReference>
            </value>
        </assignmentItems>
        <connector>
            <targetReference>Looping_Related_Party_records</targetReference>
        </connector>
    </assignments>
    <assignments>
        <description>Assigning Primary party Account ID when household ID is not present</description>
        <name>Assigning_Primary_party_Account_ID</name>
        <label>Assigning Primary party Account ID</label>
        <locationX>0</locationX>
        <locationY>0</locationY>
        <assignmentItems>
            <assignToReference>HouseholdPartyIDs</assignToReference>
            <operator>Add</operator>
            <value>
                <elementReference>Fetch_Primary_Party.Id</elementReference>
            </value>
        </assignmentItems>
        <connector>
            <targetReference>Fetching_Upcoming_Tasks</targetReference>
        </connector>
    </assignments>
    <assignments>
        <description>Assigning Upcoming Task fields to JSON payload variable</description>
        <name>Assigning_Upcoming_Tasks</name>
        <label>Assigning Upcoming Tasks</label>
        <locationX>0</locationX>
        <locationY>0</locationY>
        <assignmentItems>
            <assignToReference>UpcomingTasksCollectionJson</assignToReference>
            <operator>Add</operator>
            <value>
                <stringValue>{ &quot;Id&quot;:&quot;</stringValue>
            </value>
        </assignmentItems>
        <assignmentItems>
            <assignToReference>UpcomingTasksCollectionJson</assignToReference>
            <operator>Add</operator>
            <value>
                <elementReference>Looping_Upcoming_Task_records.Id</elementReference>
            </value>
        </assignmentItems>
        <assignmentItems>
            <assignToReference>UpcomingTasksCollectionJson</assignToReference>
            <operator>Add</operator>
            <value>
                <stringValue>&quot;,&quot;Subject&quot;:&quot;</stringValue>
            </value>
        </assignmentItems>
        <assignmentItems>
            <assignToReference>UpcomingTasksCollectionJson</assignToReference>
            <operator>Add</operator>
            <value>
                <elementReference>Looping_Upcoming_Task_records.Subject</elementReference>
            </value>
        </assignmentItems>
        <assignmentItems>
            <assignToReference>UpcomingTasksCollectionJson</assignToReference>
            <operator>Add</operator>
            <value>
                <stringValue>&quot;,&quot;Status&quot;:&quot;</stringValue>
            </value>
        </assignmentItems>
        <assignmentItems>
            <assignToReference>UpcomingTasksCollectionJson</assignToReference>
            <operator>Add</operator>
            <value>
                <elementReference>Looping_Upcoming_Task_records.Status</elementReference>
            </value>
        </assignmentItems>
        <assignmentItems>
            <assignToReference>UpcomingTasksCollectionJson</assignToReference>
            <operator>Add</operator>
            <value>
                <stringValue>},</stringValue>
            </value>
        </assignmentItems>
        <connector>
            <targetReference>Looping_Upcoming_Task_records</targetReference>
        </connector>
    </assignments>
    <assignments>
        <description>Closing the JSON payload for upcoming tasks collection</description>
        <name>Finalizing_Upcoming_Tasks_Json_String</name>
        <label>Finalizing Upcoming Tasks Json String</label>
        <locationX>0</locationX>
        <locationY>0</locationY>
        <assignmentItems>
            <assignToReference>UpcomingTasksCollectionJson</assignToReference>
            <operator>Add</operator>
            <value>
                <stringValue>]</stringValue>
            </value>
        </assignmentItems>
    </assignments>
    <assignments>
        <description>Initializing the payload JSON for Upcoming Tasks</description>
        <name>Initializing_Upcoming_Tasks_Json_String</name>
        <label>Initializing Upcoming Tasks Json String</label>
        <locationX>0</locationX>
        <locationY>0</locationY>
        <assignmentItems>
            <assignToReference>UpcomingTasksCollectionJson</assignToReference>
            <operator>Assign</operator>
            <value>
                <stringValue>[</stringValue>
            </value>
        </assignmentItems>
        <connector>
            <targetReference>Looping_Upcoming_Task_records</targetReference>
        </connector>
    </assignments>
    <decisions>
        <description>Checking if Parent Account ID (Household) is null</description>
        <name>Checking_if_Parent_Account_ID_is_null</name>
        <label>Checking if Parent Account ID is null</label>
        <locationX>0</locationX>
        <locationY>0</locationY>
        <defaultConnector>
            <targetReference>Assigning_Primary_party_Account_ID</targetReference>
        </defaultConnector>
        <defaultConnectorLabel>No Parent Account ID found</defaultConnectorLabel>
        <rules>
            <name>Parent_Account_ID_is_present</name>
            <conditionLogic>and</conditionLogic>
            <conditions>
                <leftValueReference>Fetch_Primary_Party.ParentId</leftValueReference>
                <operator>IsNull</operator>
                <rightValue>
                    <booleanValue>false</booleanValue>
                </rightValue>
            </conditions>
            <conditions>
                <leftValueReference>Fetch_Primary_Party.ParentId</leftValueReference>
                <operator>IsBlank</operator>
                <rightValue>
                    <booleanValue>false</booleanValue>
                </rightValue>
            </conditions>
            <connector>
                <targetReference>Get_Household_Party_Records</targetReference>
            </connector>
            <label>Parent Account ID is present</label>
        </rules>
    </decisions>
    <decisions>
        <description>Checking for the fetched upcoming task records</description>
        <name>Checking_if_Upcoming_tasks_are_fetched</name>
        <label>Checking if Upcoming tasks are fetched</label>
        <locationX>0</locationX>
        <locationY>0</locationY>
        <defaultConnectorLabel>No Upcoming tasks fetched</defaultConnectorLabel>
        <rules>
            <name>Upcoming_tasks_are_fetched</name>
            <conditionLogic>and</conditionLogic>
            <conditions>
                <leftValueReference>Fetching_Upcoming_Tasks</leftValueReference>
                <operator>IsNull</operator>
                <rightValue>
                    <booleanValue>false</booleanValue>
                </rightValue>
            </conditions>
            <conditions>
                <leftValueReference>Fetching_Upcoming_Tasks</leftValueReference>
                <operator>IsEmpty</operator>
                <rightValue>
                    <booleanValue>false</booleanValue>
                </rightValue>
            </conditions>
            <connector>
                <targetReference>Initializing_Upcoming_Tasks_Json_String</targetReference>
            </connector>
            <label>Upcoming tasks are fetched</label>
        </rules>
    </decisions>
    <description>Flow for fetching upcoming tasks for a particular Party ID</description>
    <environments>Default</environments>
    <formulas>
        <description>Variable to store the time range for next 30 days</description>
        <name>Next30days</name>
        <dataType>Date</dataType>
        <expression>ADDMONTHS(TODAY(), 1)</expression>
    </formulas>
    <formulas>
        <description>Variable to store the today&apos;s date</description>
        <name>Today</name>
        <dataType>Date</dataType>
        <expression>TODAY()</expression>
    </formulas>
    <interviewLabel>F GET Tasks Upcoming {!$Flow.CurrentDateTime}</interviewLabel>
    <label>F GET Tasks Upcoming</label>
    <loops>
        <description>Loop for traversing all party records in the household</description>
        <name>Looping_Related_Party_records</name>
        <label>Looping Related Party records</label>
        <locationX>0</locationX>
        <locationY>0</locationY>
        <collectionReference>Get_Household_Party_Records</collectionReference>
        <iterationOrder>Asc</iterationOrder>
        <nextValueConnector>
            <targetReference>Assigning_Household_Party_IDs</targetReference>
        </nextValueConnector>
        <noMoreValuesConnector>
            <targetReference>Fetching_Upcoming_Tasks</targetReference>
        </noMoreValuesConnector>
    </loops>
    <loops>
        <description>Looping upcoming task records</description>
        <name>Looping_Upcoming_Task_records</name>
        <label>Looping Upcoming Task records</label>
        <locationX>0</locationX>
        <locationY>0</locationY>
        <collectionReference>Fetching_Upcoming_Tasks</collectionReference>
        <iterationOrder>Asc</iterationOrder>
        <nextValueConnector>
            <targetReference>Assigning_Upcoming_Tasks</targetReference>
        </nextValueConnector>
        <noMoreValuesConnector>
            <targetReference>Finalizing_Upcoming_Tasks_Json_String</targetReference>
        </noMoreValuesConnector>
    </loops>
    <processMetadataValues>
        <name>BuilderType</name>
        <value>
            <stringValue>LightningFlowBuilder</stringValue>
        </value>
    </processMetadataValues>
    <processMetadataValues>
        <name>CanvasMode</name>
        <value>
            <stringValue>AUTO_LAYOUT_CANVAS</stringValue>
        </value>
    </processMetadataValues>
    <processMetadataValues>
        <name>OriginBuilderType</name>
        <value>
            <stringValue>LightningFlowBuilder</stringValue>
        </value>
    </processMetadataValues>
    <processType>AutoLaunchedFlow</processType>
    <recordLookups>
        <description>Fetch primary party using account ID</description>
        <name>Fetch_Primary_Party</name>
        <label>Fetch Primary Party</label>
        <locationX>0</locationX>
        <locationY>0</locationY>
        <assignNullValuesIfNoRecordsFound>false</assignNullValuesIfNoRecordsFound>
        <connector>
            <targetReference>Checking_if_Parent_Account_ID_is_null</targetReference>
        </connector>
        <filterLogic>and</filterLogic>
        <filters>
            <field>Id</field>
            <operator>EqualTo</operator>
            <value>
                <elementReference>accID</elementReference>
            </value>
        </filters>
        <getFirstRecordOnly>true</getFirstRecordOnly>
        <object>Account</object>
        <storeOutputAutomatically>true</storeOutputAutomatically>
    </recordLookups>
    <recordLookups>
        <description>Fetching upcoming task records for the next 30 days</description>
        <name>Fetching_Upcoming_Tasks</name>
        <label>Fetching Upcoming Tasks</label>
        <locationX>0</locationX>
        <locationY>0</locationY>
        <assignNullValuesIfNoRecordsFound>false</assignNullValuesIfNoRecordsFound>
        <connector>
            <targetReference>Checking_if_Upcoming_tasks_are_fetched</targetReference>
        </connector>
        <filterLogic>1 AND 2 AND 3 AND (4 OR 5)</filterLogic>
        <filters>
            <field>ActivityDate</field>
            <operator>GreaterThanOrEqualTo</operator>
            <value>
                <elementReference>Today</elementReference>
            </value>
        </filters>
        <filters>
            <field>ActivityDate</field>
            <operator>LessThanOrEqualTo</operator>
            <value>
                <elementReference>Next30days</elementReference>
            </value>
        </filters>
        <filters>
            <field>Status</field>
            <operator>EqualTo</operator>
            <value>
                <stringValue>Open</stringValue>
            </value>
        </filters>
        <filters>
            <field>WhoId</field>
            <operator>In</operator>
            <value>
                <elementReference>HouseholdPartyIDs</elementReference>
            </value>
        </filters>
        <filters>
            <field>WhatId</field>
            <operator>In</operator>
            <value>
                <elementReference>HouseholdPartyIDs</elementReference>
            </value>
        </filters>
        <getFirstRecordOnly>false</getFirstRecordOnly>
        <object>Task</object>
        <storeOutputAutomatically>true</storeOutputAutomatically>
    </recordLookups>
    <recordLookups>
        <description>Fetching Household Parties&apos; IDs</description>
        <name>Get_Household_Party_Records</name>
        <label>Get Household Party Records</label>
        <locationX>0</locationX>
        <locationY>0</locationY>
        <assignNullValuesIfNoRecordsFound>false</assignNullValuesIfNoRecordsFound>
        <connector>
            <targetReference>Looping_Related_Party_records</targetReference>
        </connector>
        <filterLogic>and</filterLogic>
        <filters>
            <field>ParentId</field>
            <operator>EqualTo</operator>
            <value>
                <elementReference>Fetch_Primary_Party.ParentId</elementReference>
            </value>
        </filters>
        <getFirstRecordOnly>false</getFirstRecordOnly>
        <object>Account</object>
        <storeOutputAutomatically>true</storeOutputAutomatically>
    </recordLookups>
    <start>
        <locationX>0</locationX>
        <locationY>0</locationY>
        <connector>
            <targetReference>Fetch_Primary_Party</targetReference>
        </connector>
    </start>
    <status>Draft</status>
    <variables>
        <description>Input variable for primary account Id</description>
        <name>accID</name>
        <dataType>String</dataType>
        <isCollection>false</isCollection>
        <isInput>true</isInput>
        <isOutput>false</isOutput>
    </variables>
    <variables>
        <description>Variable to store the IDs of all Party records in a household</description>
        <name>HouseholdPartyIDs</name>
        <dataType>String</dataType>
        <isCollection>true</isCollection>
        <isInput>false</isInput>
        <isOutput>false</isOutput>
    </variables>
    <variables>
        <description>Variable for JSON payload of upcoming task records</description>
        <name>UpcomingTasksCollectionJson</name>
        <dataType>String</dataType>
        <isCollection>false</isCollection>
        <isInput>false</isInput>
        <isOutput>true</isOutput>
    </variables>
</Flow>
