<?xml version="1.0" encoding="UTF-8"?>
<Flow xmlns="http://soap.sforce.com/2006/04/metadata">
    <apiVersion>65.0</apiVersion>
    <areMetricsLoggedToDataCloud>false</areMetricsLoggedToDataCloud>
    <assignments>
        <description>Assigning related party Account IDs when household ID is present</description>
        <name>Assigning_Household_Party_IDs</name>
        <label>Assigning Household Party IDs</label>
        <locationX>0</locationX>
        <locationY>0</locationY>
        <assignmentItems>
            <assignToReference>HouseholdPartyIDs</assignToReference>
            <operator>Add</operator>
            <value>
                <elementReference>Looping_Related_Party_records.Id</elementReference>
            </value>
        </assignmentItems>
        <connector>
            <targetReference>Looping_Related_Party_records</targetReference>
        </connector>
    </assignments>
    <assignments>
        <description>Assigning Overdue Task fields to JSON payload variable</description>
        <name>Assigning_Overdue_Tasks</name>
        <label>Assigning Overdue Tasks</label>
        <locationX>0</locationX>
        <locationY>0</locationY>
        <assignmentItems>
            <assignToReference>OverdueTasksCollectionJson</assignToReference>
            <operator>Add</operator>
            <value>
                <stringValue>{ &quot;Id&quot;:&quot;</stringValue>
            </value>
        </assignmentItems>
        <assignmentItems>
            <assignToReference>OverdueTasksCollectionJson</assignToReference>
            <operator>Add</operator>
            <value>
                <elementReference>Looping_Overdue_Task_records.Id</elementReference>
            </value>
        </assignmentItems>
        <assignmentItems>
            <assignToReference>OverdueTasksCollectionJson</assignToReference>
            <operator>Add</operator>
            <value>
                <stringValue>&quot;,&quot;Subject&quot;:&quot;</stringValue>
            </value>
        </assignmentItems>
        <assignmentItems>
            <assignToReference>OverdueTasksCollectionJson</assignToReference>
            <operator>Add</operator>
            <value>
                <elementReference>Looping_Overdue_Task_records.Subject</elementReference>
            </value>
        </assignmentItems>
        <assignmentItems>
            <assignToReference>OverdueTasksCollectionJson</assignToReference>
            <operator>Add</operator>
            <value>
                <stringValue>&quot;,&quot;Party Name&quot;:&quot;</stringValue>
            </value>
        </assignmentItems>
        <assignmentItems>
            <assignToReference>OverdueTasksCollectionJson</assignToReference>
            <operator>Add</operator>
            <value>
                <elementReference>Looping_Overdue_Task_records.Account.Name</elementReference>
            </value>
        </assignmentItems>
        <assignmentItems>
            <assignToReference>OverdueTasksCollectionJson</assignToReference>
            <operator>Add</operator>
            <value>
                <stringValue>},</stringValue>
            </value>
        </assignmentItems>
        <connector>
            <targetReference>Looping_Overdue_Task_records</targetReference>
        </connector>
    </assignments>
    <assignments>
        <description>Assigning Primary party Account ID when household ID is not present</description>
        <name>Assigning_Primary_party_Account_ID</name>
        <label>Assigning Primary party Account ID</label>
        <locationX>0</locationX>
        <locationY>0</locationY>
        <assignmentItems>
            <assignToReference>HouseholdPartyIDs</assignToReference>
            <operator>Add</operator>
            <value>
                <elementReference>Fetch_Primary_Party.Id</elementReference>
            </value>
        </assignmentItems>
        <connector>
            <targetReference>Fetching_Overdue_Tasks</targetReference>
        </connector>
    </assignments>
    <assignments>
        <description>Closing the JSON payload for overdue tasks collection</description>
        <name>Finalizing_Overdue_Tasks_Json_String</name>
        <label>Finalizing Overdue Tasks Json String</label>
        <locationX>0</locationX>
        <locationY>0</locationY>
        <assignmentItems>
            <assignToReference>OverdueTasksCollectionJson</assignToReference>
            <operator>Add</operator>
            <value>
                <stringValue>]</stringValue>
            </value>
        </assignmentItems>
    </assignments>
    <assignments>
        <description>Initializing the payload JSON for Overdue Tasks</description>
        <name>Initializing_Overdue_Tasks_Json_String</name>
        <label>Initializing Overdue Tasks Json String</label>
        <locationX>0</locationX>
        <locationY>0</locationY>
        <assignmentItems>
            <assignToReference>OverdueTasksCollectionJson</assignToReference>
            <operator>Assign</operator>
            <value>
                <stringValue>[</stringValue>
            </value>
        </assignmentItems>
        <connector>
            <targetReference>Looping_Overdue_Task_records</targetReference>
        </connector>
    </assignments>
    <decisions>
        <description>Checking if parent Account ID on the primary party is null (No Household)</description>
        <name>Check_if_Parent_Account_ID_is_Null</name>
        <label>Check if Parent Account ID is Null</label>
        <locationX>0</locationX>
        <locationY>0</locationY>
        <defaultConnector>
            <targetReference>Assigning_Primary_party_Account_ID</targetReference>
        </defaultConnector>
        <defaultConnectorLabel>No Parent Account ID found</defaultConnectorLabel>
        <rules>
            <name>Parent_Account_ID_is_found</name>
            <conditionLogic>and</conditionLogic>
            <conditions>
                <leftValueReference>Fetch_Primary_Party.ParentId</leftValueReference>
                <operator>IsNull</operator>
                <rightValue>
                    <booleanValue>false</booleanValue>
                </rightValue>
            </conditions>
            <conditions>
                <leftValueReference>Fetch_Primary_Party.ParentId</leftValueReference>
                <operator>IsBlank</operator>
                <rightValue>
                    <booleanValue>false</booleanValue>
                </rightValue>
            </conditions>
            <connector>
                <targetReference>Get_Household_Party_Records</targetReference>
            </connector>
            <label>Parent Account ID is found</label>
        </rules>
    </decisions>
    <decisions>
        <description>Checking for the fetched overdue task records</description>
        <name>Checking_if_Overdue_tasks_are_fetched</name>
        <label>Checking if Overdue tasks are fetched</label>
        <locationX>0</locationX>
        <locationY>0</locationY>
        <defaultConnectorLabel>No Overdue tasks fetched</defaultConnectorLabel>
        <rules>
            <name>Overdue_tasks_are_fetched</name>
            <conditionLogic>and</conditionLogic>
            <conditions>
                <leftValueReference>Fetching_Overdue_Tasks</leftValueReference>
                <operator>IsNull</operator>
                <rightValue>
                    <booleanValue>false</booleanValue>
                </rightValue>
            </conditions>
            <conditions>
                <leftValueReference>Fetching_Overdue_Tasks</leftValueReference>
                <operator>IsEmpty</operator>
                <rightValue>
                    <booleanValue>false</booleanValue>
                </rightValue>
            </conditions>
            <connector>
                <targetReference>Initializing_Overdue_Tasks_Json_String</targetReference>
            </connector>
            <label>Overdue tasks are fetched</label>
        </rules>
    </decisions>
    <description>Flow to retrieve the overdue tasks for a particular party ID</description>
    <environments>Default</environments>
    <formulas>
        <description>Formula that generates the current date</description>
        <name>Today</name>
        <dataType>Date</dataType>
        <expression>TODAY()</expression>
    </formulas>
    <interviewLabel>F GET Tasks Overdue {!$Flow.CurrentDateTime}</interviewLabel>
    <label>F GET Tasks Overdue</label>
    <loops>
        <description>Looping Overdue Task records</description>
        <name>Looping_Overdue_Task_records</name>
        <label>Looping Overdue Task records</label>
        <locationX>0</locationX>
        <locationY>0</locationY>
        <collectionReference>Fetching_Overdue_Tasks</collectionReference>
        <iterationOrder>Asc</iterationOrder>
        <nextValueConnector>
            <targetReference>Assigning_Overdue_Tasks</targetReference>
        </nextValueConnector>
        <noMoreValuesConnector>
            <targetReference>Finalizing_Overdue_Tasks_Json_String</targetReference>
        </noMoreValuesConnector>
    </loops>
    <loops>
        <description>Loop for traversing all party records in the household</description>
        <name>Looping_Related_Party_records</name>
        <label>Looping Related Party records</label>
        <locationX>0</locationX>
        <locationY>0</locationY>
        <collectionReference>Get_Household_Party_Records</collectionReference>
        <iterationOrder>Asc</iterationOrder>
        <nextValueConnector>
            <targetReference>Assigning_Household_Party_IDs</targetReference>
        </nextValueConnector>
        <noMoreValuesConnector>
            <targetReference>Fetching_Overdue_Tasks</targetReference>
        </noMoreValuesConnector>
    </loops>
    <processMetadataValues>
        <name>BuilderType</name>
        <value>
            <stringValue>LightningFlowBuilder</stringValue>
        </value>
    </processMetadataValues>
    <processMetadataValues>
        <name>CanvasMode</name>
        <value>
            <stringValue>AUTO_LAYOUT_CANVAS</stringValue>
        </value>
    </processMetadataValues>
    <processMetadataValues>
        <name>OriginBuilderType</name>
        <value>
            <stringValue>LightningFlowBuilder</stringValue>
        </value>
    </processMetadataValues>
    <processType>AutoLaunchedFlow</processType>
    <recordLookups>
        <description>Fetching the primary party record using account ID</description>
        <name>Fetch_Primary_Party</name>
        <label>Fetch Primary Party</label>
        <locationX>0</locationX>
        <locationY>0</locationY>
        <assignNullValuesIfNoRecordsFound>false</assignNullValuesIfNoRecordsFound>
        <connector>
            <targetReference>Check_if_Parent_Account_ID_is_Null</targetReference>
        </connector>
        <filterLogic>and</filterLogic>
        <filters>
            <field>Id</field>
            <operator>EqualTo</operator>
            <value>
                <elementReference>accID</elementReference>
            </value>
        </filters>
        <getFirstRecordOnly>true</getFirstRecordOnly>
        <object>Account</object>
        <storeOutputAutomatically>true</storeOutputAutomatically>
    </recordLookups>
    <recordLookups>
        <description>Fetching overdue tasks for all parties in the household</description>
        <name>Fetching_Overdue_Tasks</name>
        <label>Fetching Overdue Tasks</label>
        <locationX>0</locationX>
        <locationY>0</locationY>
        <assignNullValuesIfNoRecordsFound>false</assignNullValuesIfNoRecordsFound>
        <connector>
            <targetReference>Checking_if_Overdue_tasks_are_fetched</targetReference>
        </connector>
        <filterLogic>(1 OR 2) AND 3 AND 4</filterLogic>
        <filters>
            <field>WhoId</field>
            <operator>In</operator>
            <value>
                <elementReference>HouseholdPartyIDs</elementReference>
            </value>
        </filters>
        <filters>
            <field>WhatId</field>
            <operator>In</operator>
            <value>
                <elementReference>HouseholdPartyIDs</elementReference>
            </value>
        </filters>
        <filters>
            <field>ActivityDate</field>
            <operator>LessThan</operator>
            <value>
                <elementReference>Today</elementReference>
            </value>
        </filters>
        <filters>
            <field>Status</field>
            <operator>NotEqualTo</operator>
            <value>
                <stringValue>Completed</stringValue>
            </value>
        </filters>
        <getFirstRecordOnly>false</getFirstRecordOnly>
        <object>Task</object>
        <storeOutputAutomatically>true</storeOutputAutomatically>
    </recordLookups>
    <recordLookups>
        <description>Fetching Household Party records</description>
        <name>Get_Household_Party_Records</name>
        <label>Get Household Party Records</label>
        <locationX>0</locationX>
        <locationY>0</locationY>
        <assignNullValuesIfNoRecordsFound>false</assignNullValuesIfNoRecordsFound>
        <connector>
            <targetReference>Looping_Related_Party_records</targetReference>
        </connector>
        <filterLogic>and</filterLogic>
        <filters>
            <field>ParentId</field>
            <operator>EqualTo</operator>
            <value>
                <elementReference>Fetch_Primary_Party.ParentId</elementReference>
            </value>
        </filters>
        <getFirstRecordOnly>false</getFirstRecordOnly>
        <object>Account</object>
        <storeOutputAutomatically>true</storeOutputAutomatically>
    </recordLookups>
    <start>
        <locationX>0</locationX>
        <locationY>0</locationY>
        <connector>
            <targetReference>Fetch_Primary_Party</targetReference>
        </connector>
    </start>
    <status>Draft</status>
    <variables>
        <description>Variable to store the input account ID of the primary party</description>
        <name>accID</name>
        <dataType>String</dataType>
        <isCollection>false</isCollection>
        <isInput>true</isInput>
        <isOutput>false</isOutput>
    </variables>
    <variables>
        <description>Variable to store the IDs for all the parties in the household</description>
        <name>HouseholdPartyIDs</name>
        <dataType>String</dataType>
        <isCollection>true</isCollection>
        <isInput>false</isInput>
        <isOutput>false</isOutput>
    </variables>
    <variables>
        <description>Variable to store the payload JSON of overdue tasks collections</description>
        <name>OverdueTasksCollectionJson</name>
        <dataType>String</dataType>
        <isCollection>false</isCollection>
        <isInput>false</isInput>
        <isOutput>true</isOutput>
    </variables>
</Flow>
