<?xml version="1.0" encoding="UTF-8"?>
<Flow xmlns="http://soap.sforce.com/2006/04/metadata">
    <apiVersion>65.0</apiVersion>
    <areMetricsLoggedToDataCloud>false</areMetricsLoggedToDataCloud>
    <assignments>
        <name>Add_comma_separator</name>
        <label>Add comma separator</label>
        <locationX>0</locationX>
        <locationY>0</locationY>
        <assignmentItems>
            <assignToReference>OpportunityCollectionJson</assignToReference>
            <operator>Add</operator>
            <value>
                <stringValue>,</stringValue>
            </value>
        </assignmentItems>
        <connector>
            <targetReference>Assign_Opportunity_Values</targetReference>
        </connector>
    </assignments>
    <assignments>
        <name>Assign_Opportunity_Values</name>
        <label>Assign Opportunity Values</label>
        <locationX>0</locationX>
        <locationY>0</locationY>
        <assignmentItems>
            <assignToReference>OpportunityCollectionJson</assignToReference>
            <operator>Add</operator>
            <value>
                <stringValue>{ &quot;Id&quot;:&quot;</stringValue>
            </value>
        </assignmentItems>
        <assignmentItems>
            <assignToReference>OpportunityCollectionJson</assignToReference>
            <operator>Add</operator>
            <value>
                <elementReference>Loop_on_fetch_Related_Opportunity_Records.Id</elementReference>
            </value>
        </assignmentItems>
        <assignmentItems>
            <assignToReference>OpportunityCollectionJson</assignToReference>
            <operator>Add</operator>
            <value>
                <stringValue>&quot;,&quot;Name&quot;:&quot;</stringValue>
            </value>
        </assignmentItems>
        <assignmentItems>
            <assignToReference>OpportunityCollectionJson</assignToReference>
            <operator>Add</operator>
            <value>
                <elementReference>Loop_on_fetch_Related_Opportunity_Records.Name</elementReference>
            </value>
        </assignmentItems>
        <assignmentItems>
            <assignToReference>OpportunityCollectionJson</assignToReference>
            <operator>Add</operator>
            <value>
                <stringValue>&quot;,&quot;Amount&quot;:</stringValue>
            </value>
        </assignmentItems>
        <assignmentItems>
            <assignToReference>OpportunityCollectionJson</assignToReference>
            <operator>Add</operator>
            <value>
                <elementReference>OpptyAmountText</elementReference>
            </value>
        </assignmentItems>
        <assignmentItems>
            <assignToReference>OpportunityCollectionJson</assignToReference>
            <operator>Add</operator>
            <value>
                <stringValue>,&quot;Stage&quot;:&quot;</stringValue>
            </value>
        </assignmentItems>
        <assignmentItems>
            <assignToReference>OpportunityCollectionJson</assignToReference>
            <operator>Add</operator>
            <value>
                <elementReference>Loop_on_fetch_Related_Opportunity_Records.StageName</elementReference>
            </value>
        </assignmentItems>
        <assignmentItems>
            <assignToReference>OpportunityCollectionJson</assignToReference>
            <operator>Add</operator>
            <value>
                <stringValue>&quot;}</stringValue>
            </value>
        </assignmentItems>
        <connector>
            <targetReference>Loop_on_fetch_Related_Opportunity_Records</targetReference>
        </connector>
    </assignments>
    <assignments>
        <name>Assign_Party_Parent_ID</name>
        <label>Assign Party Parent ID</label>
        <locationX>0</locationX>
        <locationY>0</locationY>
        <assignmentItems>
            <assignToReference>PartyParentID</assignToReference>
            <operator>Assign</operator>
            <value>
                <elementReference>Looping_Party_Records.ParentId</elementReference>
            </value>
        </assignmentItems>
        <assignmentItems>
            <assignToReference>PrimaryPartyRecord</assignToReference>
            <operator>Assign</operator>
            <value>
                <elementReference>Looping_Party_Records</elementReference>
            </value>
        </assignmentItems>
        <connector>
            <targetReference>Looping_Party_Records</targetReference>
        </connector>
    </assignments>
    <assignments>
        <name>Finalize_Opportunity_JSON_String</name>
        <label>Finalize Opportunity JSON String</label>
        <locationX>0</locationX>
        <locationY>0</locationY>
        <assignmentItems>
            <assignToReference>OpportunityCollectionJson</assignToReference>
            <operator>Add</operator>
            <value>
                <stringValue>]</stringValue>
            </value>
        </assignmentItems>
    </assignments>
    <assignments>
        <name>Initialize_Opportunity_Json_String</name>
        <label>Initialize Opportunity Json String</label>
        <locationX>0</locationX>
        <locationY>0</locationY>
        <assignmentItems>
            <assignToReference>OpportunityCollectionJson</assignToReference>
            <operator>Assign</operator>
            <value>
                <stringValue>[</stringValue>
            </value>
        </assignmentItems>
        <connector>
            <targetReference>Loop_on_fetch_Related_Opportunity_Records</targetReference>
        </connector>
    </assignments>
    <assignments>
        <name>Set_FirstOpptyProcessed_to_True</name>
        <label>Set FirstOpptyProcessed to True</label>
        <locationX>0</locationX>
        <locationY>0</locationY>
        <assignmentItems>
            <assignToReference>FirstOpptyProcessed</assignToReference>
            <operator>Assign</operator>
            <value>
                <booleanValue>true</booleanValue>
            </value>
        </assignmentItems>
        <connector>
            <targetReference>Assign_Opportunity_Values</targetReference>
        </connector>
    </assignments>
    <assignments>
        <description>Setting Account ID when household party ID is null</description>
        <name>Setting_Account_ID</name>
        <label>Setting Account ID</label>
        <locationX>0</locationX>
        <locationY>0</locationY>
        <assignmentItems>
            <assignToReference>StoreAccountIDs</assignToReference>
            <operator>Add</operator>
            <value>
                <elementReference>PrimaryPartyRecord.Id</elementReference>
            </value>
        </assignmentItems>
        <connector>
            <targetReference>Fetch_related_Opportunity_Records</targetReference>
        </connector>
    </assignments>
    <assignments>
        <name>Setting_Related_Party_IDs</name>
        <label>Setting Related Party IDs</label>
        <locationX>0</locationX>
        <locationY>0</locationY>
        <assignmentItems>
            <assignToReference>StoreAccountIDs</assignToReference>
            <operator>Add</operator>
            <value>
                <elementReference>Looping_related_Parties.Id</elementReference>
            </value>
        </assignmentItems>
        <connector>
            <targetReference>Looping_related_Parties</targetReference>
        </connector>
    </assignments>
    <decisions>
        <description>Checking if parent Party ID is not null</description>
        <name>Checking_if_Parent_ID_is_present</name>
        <label>Checking if Parent ID is present</label>
        <locationX>0</locationX>
        <locationY>0</locationY>
        <defaultConnector>
            <targetReference>Setting_Account_ID</targetReference>
        </defaultConnector>
        <defaultConnectorLabel>Parent Party ID Null</defaultConnectorLabel>
        <rules>
            <name>Parent_Party_ID_present</name>
            <conditionLogic>and</conditionLogic>
            <conditions>
                <leftValueReference>PartyParentID</leftValueReference>
                <operator>IsNull</operator>
                <rightValue>
                    <booleanValue>false</booleanValue>
                </rightValue>
            </conditions>
            <connector>
                <targetReference>Fetch_related_Parties_records</targetReference>
            </connector>
            <label>Parent Party ID present</label>
        </rules>
    </decisions>
    <decisions>
        <name>If_Oppo_Record_Found</name>
        <label>If Oppo Record Found</label>
        <locationX>0</locationX>
        <locationY>0</locationY>
        <defaultConnectorLabel>Default Outcome</defaultConnectorLabel>
        <rules>
            <name>Is_Opp_Record_Available</name>
            <conditionLogic>and</conditionLogic>
            <conditions>
                <leftValueReference>Fetch_related_Opportunity_Records</leftValueReference>
                <operator>IsNull</operator>
                <rightValue>
                    <booleanValue>false</booleanValue>
                </rightValue>
            </conditions>
            <connector>
                <targetReference>Initialize_Opportunity_Json_String</targetReference>
            </connector>
            <label>Is Opp Record Available?</label>
        </rules>
    </decisions>
    <decisions>
        <name>Is_First_Loop</name>
        <label>Is First Loop</label>
        <locationX>0</locationX>
        <locationY>0</locationY>
        <defaultConnector>
            <targetReference>Add_comma_separator</targetReference>
        </defaultConnector>
        <defaultConnectorLabel>Not First Loop</defaultConnectorLabel>
        <rules>
            <name>First_Loop</name>
            <conditionLogic>and</conditionLogic>
            <conditions>
                <leftValueReference>FirstOpptyProcessed</leftValueReference>
                <operator>EqualTo</operator>
                <rightValue>
                    <booleanValue>false</booleanValue>
                </rightValue>
            </conditions>
            <connector>
                <targetReference>Set_FirstOpptyProcessed_to_True</targetReference>
            </connector>
            <label>First Loop</label>
        </rules>
    </decisions>
    <environments>Default</environments>
    <formulas>
        <name>OpptyAmountText</name>
        <dataType>String</dataType>
        <expression>TEXT({!Loop_on_fetch_Related_Opportunity_Records.Amount})</expression>
    </formulas>
    <formulas>
        <description>Variable to record the date from a year ago</description>
        <name>PastYearTimePeriod</name>
        <dataType>Date</dataType>
        <expression>TODAY() - 365</expression>
    </formulas>
    <interviewLabel>Household Opportunity Summary {!$Flow.CurrentDateTime}</interviewLabel>
    <label>Household Opportunity Summary</label>
    <loops>
        <name>Loop_on_fetch_Related_Opportunity_Records</name>
        <label>Loop on fetch Related Opportunity Records</label>
        <locationX>0</locationX>
        <locationY>0</locationY>
        <collectionReference>Fetch_related_Opportunity_Records</collectionReference>
        <iterationOrder>Asc</iterationOrder>
        <nextValueConnector>
            <targetReference>Is_First_Loop</targetReference>
        </nextValueConnector>
        <noMoreValuesConnector>
            <targetReference>Finalize_Opportunity_JSON_String</targetReference>
        </noMoreValuesConnector>
    </loops>
    <loops>
        <name>Looping_Party_Records</name>
        <label>Looping Party Records</label>
        <locationX>0</locationX>
        <locationY>0</locationY>
        <collectionReference>Fetch_Party_Records</collectionReference>
        <iterationOrder>Asc</iterationOrder>
        <nextValueConnector>
            <targetReference>Assign_Party_Parent_ID</targetReference>
        </nextValueConnector>
        <noMoreValuesConnector>
            <targetReference>Checking_if_Parent_ID_is_present</targetReference>
        </noMoreValuesConnector>
    </loops>
    <loops>
        <name>Looping_related_Parties</name>
        <label>Looping related Parties</label>
        <locationX>0</locationX>
        <locationY>0</locationY>
        <collectionReference>Fetch_related_Parties_records</collectionReference>
        <iterationOrder>Asc</iterationOrder>
        <nextValueConnector>
            <targetReference>Setting_Related_Party_IDs</targetReference>
        </nextValueConnector>
        <noMoreValuesConnector>
            <targetReference>Fetch_related_Opportunity_Records</targetReference>
        </noMoreValuesConnector>
    </loops>
    <processMetadataValues>
        <name>BuilderType</name>
        <value>
            <stringValue>LightningFlowBuilder</stringValue>
        </value>
    </processMetadataValues>
    <processMetadataValues>
        <name>CanvasMode</name>
        <value>
            <stringValue>AUTO_LAYOUT_CANVAS</stringValue>
        </value>
    </processMetadataValues>
    <processMetadataValues>
        <name>OriginBuilderType</name>
        <value>
            <stringValue>LightningFlowBuilder</stringValue>
        </value>
    </processMetadataValues>
    <processType>AutoLaunchedFlow</processType>
    <recordLookups>
        <name>Fetch_Party_Records</name>
        <label>Fetch Party Record</label>
        <locationX>0</locationX>
        <locationY>0</locationY>
        <assignNullValuesIfNoRecordsFound>false</assignNullValuesIfNoRecordsFound>
        <connector>
            <targetReference>Looping_Party_Records</targetReference>
        </connector>
        <filterLogic>and</filterLogic>
        <filters>
            <field>Id</field>
            <operator>EqualTo</operator>
            <value>
                <elementReference>accID</elementReference>
            </value>
        </filters>
        <getFirstRecordOnly>false</getFirstRecordOnly>
        <object>Account</object>
        <storeOutputAutomatically>true</storeOutputAutomatically>
    </recordLookups>
    <recordLookups>
        <name>Fetch_related_Opportunity_Records</name>
        <label>Fetch related Opportunity Records</label>
        <locationX>0</locationX>
        <locationY>0</locationY>
        <assignNullValuesIfNoRecordsFound>false</assignNullValuesIfNoRecordsFound>
        <connector>
            <targetReference>If_Oppo_Record_Found</targetReference>
        </connector>
        <filterLogic>1 AND (2 OR 3 OR 4 OR 5) AND 6</filterLogic>
        <filters>
            <field>AccountId</field>
            <operator>In</operator>
            <value>
                <elementReference>StoreAccountIDs</elementReference>
            </value>
        </filters>
        <filters>
            <field>StageName</field>
            <operator>EqualTo</operator>
            <value>
                <stringValue>Closed Won</stringValue>
            </value>
        </filters>
        <filters>
            <field>StageName</field>
            <operator>EqualTo</operator>
            <value>
                <stringValue>Closed Lost</stringValue>
            </value>
        </filters>
        <filters>
            <field>StageName</field>
            <operator>EqualTo</operator>
            <value>
                <stringValue>Presented</stringValue>
            </value>
        </filters>
        <filters>
            <field>StageName</field>
            <operator>EqualTo</operator>
            <value>
                <stringValue>Awarded</stringValue>
            </value>
        </filters>
        <filters>
            <field>CloseDate</field>
            <operator>GreaterThanOrEqualTo</operator>
            <value>
                <elementReference>PastYearTimePeriod</elementReference>
            </value>
        </filters>
        <getFirstRecordOnly>false</getFirstRecordOnly>
        <object>Opportunity</object>
        <storeOutputAutomatically>true</storeOutputAutomatically>
    </recordLookups>
    <recordLookups>
        <name>Fetch_related_Parties_records</name>
        <label>Fetch related Parties records</label>
        <locationX>0</locationX>
        <locationY>0</locationY>
        <assignNullValuesIfNoRecordsFound>false</assignNullValuesIfNoRecordsFound>
        <connector>
            <targetReference>Looping_related_Parties</targetReference>
        </connector>
        <filterLogic>and</filterLogic>
        <filters>
            <field>ParentId</field>
            <operator>EqualTo</operator>
            <value>
                <elementReference>PartyParentID</elementReference>
            </value>
        </filters>
        <getFirstRecordOnly>false</getFirstRecordOnly>
        <object>Account</object>
        <storeOutputAutomatically>true</storeOutputAutomatically>
    </recordLookups>
    <start>
        <locationX>0</locationX>
        <locationY>0</locationY>
        <connector>
            <targetReference>Fetch_Party_Records</targetReference>
        </connector>
    </start>
    <status>Draft</status>
    <variables>
        <description>Variable to record the account ID of the party record</description>
        <name>accID</name>
        <dataType>String</dataType>
        <isCollection>false</isCollection>
        <isInput>true</isInput>
        <isOutput>false</isOutput>
    </variables>
    <variables>
        <description>Indicates whether the first opportunity in the loop has been processed</description>
        <name>FirstOpptyProcessed</name>
        <dataType>Boolean</dataType>
        <isCollection>false</isCollection>
        <isInput>false</isInput>
        <isOutput>false</isOutput>
        <value>
            <booleanValue>false</booleanValue>
        </value>
    </variables>
    <variables>
        <name>OpportunityCollectionJson</name>
        <dataType>String</dataType>
        <isCollection>false</isCollection>
        <isInput>false</isInput>
        <isOutput>true</isOutput>
    </variables>
    <variables>
        <name>PartyParentID</name>
        <dataType>String</dataType>
        <isCollection>false</isCollection>
        <isInput>false</isInput>
        <isOutput>false</isOutput>
    </variables>
    <variables>
        <description>Record Type Variable to store the primary party record fields</description>
        <name>PrimaryPartyRecord</name>
        <dataType>SObject</dataType>
        <isCollection>false</isCollection>
        <isInput>false</isInput>
        <isOutput>false</isOutput>
        <objectType>Account</objectType>
    </variables>
    <variables>
        <name>StoreAccountIDs</name>
        <dataType>String</dataType>
        <isCollection>true</isCollection>
        <isInput>false</isInput>
        <isOutput>false</isOutput>
    </variables>
</Flow>
