<?xml version="1.0" encoding="UTF-8"?>
<Flow xmlns="http://soap.sforce.com/2006/04/metadata">
    <apiVersion>65.0</apiVersion>
    <areMetricsLoggedToDataCloud>false</areMetricsLoggedToDataCloud>
    <assignments>
        <name>Assigning_Comma_Seperator</name>
        <label>Assigning Comma Seperator</label>
        <locationX>0</locationX>
        <locationY>0</locationY>
        <assignmentItems>
            <assignToReference>CuratedEventsCollectionsJson</assignToReference>
            <operator>Add</operator>
            <value>
                <stringValue>,</stringValue>
            </value>
        </assignmentItems>
        <connector>
            <targetReference>Assigning_JSON_Payload</targetReference>
        </connector>
    </assignments>
    <assignments>
        <description>Assigning Empty Collection when Curated Event records not found</description>
        <name>Assigning_Empty_Collection</name>
        <label>Assigning Empty Collection</label>
        <locationX>0</locationX>
        <locationY>0</locationY>
        <assignmentItems>
            <assignToReference>CuratedEventsCollectionsJson</assignToReference>
            <operator>Assign</operator>
            <value>
                <stringValue>[]</stringValue>
            </value>
        </assignmentItems>
    </assignments>
    <assignments>
        <description>Assigning Life Events JSON String for payload</description>
        <name>Assigning_JSON_Payload</name>
        <label>Assigning JSON Payload</label>
        <locationX>0</locationX>
        <locationY>0</locationY>
        <assignmentItems>
            <assignToReference>CuratedEventsCollectionsJson</assignToReference>
            <operator>Add</operator>
            <value>
                <stringValue>{ &quot;Id&quot;:&quot;</stringValue>
            </value>
        </assignmentItems>
        <assignmentItems>
            <assignToReference>CuratedEventsCollectionsJson</assignToReference>
            <operator>Add</operator>
            <value>
                <elementReference>Looping_Curated_Event_records.Id</elementReference>
            </value>
        </assignmentItems>
        <assignmentItems>
            <assignToReference>CuratedEventsCollectionsJson</assignToReference>
            <operator>Add</operator>
            <value>
                <stringValue>&quot;,&quot;Campaign Name&quot;:&quot;</stringValue>
            </value>
        </assignmentItems>
        <assignmentItems>
            <assignToReference>CuratedEventsCollectionsJson</assignToReference>
            <operator>Add</operator>
            <value>
                <elementReference>Looping_Curated_Event_records.Campaign.Name</elementReference>
            </value>
        </assignmentItems>
        <assignmentItems>
            <assignToReference>CuratedEventsCollectionsJson</assignToReference>
            <operator>Add</operator>
            <value>
                <stringValue>&quot;,&quot;Campaign Start Date&quot;:&quot;</stringValue>
            </value>
        </assignmentItems>
        <assignmentItems>
            <assignToReference>CuratedEventsCollectionsJson</assignToReference>
            <operator>Add</operator>
            <value>
                <elementReference>Looping_Curated_Event_records.Campaign.StartDate</elementReference>
            </value>
        </assignmentItems>
        <assignmentItems>
            <assignToReference>CuratedEventsCollectionsJson</assignToReference>
            <operator>Add</operator>
            <value>
                <stringValue>&quot;,&quot;RSVP&quot;:&quot;</stringValue>
            </value>
        </assignmentItems>
        <assignmentItems>
            <assignToReference>CuratedEventsCollectionsJson</assignToReference>
            <operator>Add</operator>
            <value>
                <elementReference>Looping_Curated_Event_records.RSVP__c</elementReference>
            </value>
        </assignmentItems>
        <assignmentItems>
            <assignToReference>CuratedEventsCollectionsJson</assignToReference>
            <operator>Add</operator>
            <value>
                <stringValue>&quot;,&quot;Attended&quot;:&quot;</stringValue>
            </value>
        </assignmentItems>
        <assignmentItems>
            <assignToReference>CuratedEventsCollectionsJson</assignToReference>
            <operator>Add</operator>
            <value>
                <elementReference>Looping_Curated_Event_records.Attended__c</elementReference>
            </value>
        </assignmentItems>
        <assignmentItems>
            <assignToReference>CuratedEventsCollectionsJson</assignToReference>
            <operator>Add</operator>
            <value>
                <stringValue>&quot;,&quot;Party ID&quot;:&quot;</stringValue>
            </value>
        </assignmentItems>
        <assignmentItems>
            <assignToReference>CuratedEventsCollectionsJson</assignToReference>
            <operator>Add</operator>
            <value>
                <elementReference>Looping_Curated_Event_records.AccountId</elementReference>
            </value>
        </assignmentItems>
        <assignmentItems>
            <assignToReference>CuratedEventsCollectionsJson</assignToReference>
            <operator>Add</operator>
            <value>
                <stringValue>&quot;,&quot;Party Name&quot;:&quot;</stringValue>
            </value>
        </assignmentItems>
        <assignmentItems>
            <assignToReference>CuratedEventsCollectionsJson</assignToReference>
            <operator>Add</operator>
            <value>
                <elementReference>Looping_Curated_Event_records.Account.Name</elementReference>
            </value>
        </assignmentItems>
        <assignmentItems>
            <assignToReference>CuratedEventsCollectionsJson</assignToReference>
            <operator>Add</operator>
            <value>
                <stringValue>&quot;}</stringValue>
            </value>
        </assignmentItems>
        <connector>
            <targetReference>Looping_Curated_Event_records</targetReference>
        </connector>
    </assignments>
    <assignments>
        <description>Assigning Primary Party Account ID for fetching Life Event records</description>
        <name>Assigning_Primary_Party_Account_ID</name>
        <label>Assigning Primary Party Account ID</label>
        <locationX>0</locationX>
        <locationY>0</locationY>
        <assignmentItems>
            <assignToReference>HouseholdPartyIDs</assignToReference>
            <operator>Add</operator>
            <value>
                <elementReference>Fetch_Primary_Party.Id</elementReference>
            </value>
        </assignmentItems>
        <connector>
            <targetReference>Fetching_Curated_Events</targetReference>
        </connector>
    </assignments>
    <assignments>
        <description>Assigning Record Type IDs</description>
        <name>Assigning_RecordTypeId_to_check_party_records</name>
        <label>Assigning RecordTypeId to check party records</label>
        <locationX>0</locationX>
        <locationY>0</locationY>
        <assignmentItems>
            <assignToReference>excludedRecordTypeId</assignToReference>
            <operator>Add</operator>
            <value>
                <elementReference>Looping_RecordType_Records.Id</elementReference>
            </value>
        </assignmentItems>
        <connector>
            <targetReference>Looping_RecordType_Records</targetReference>
        </connector>
    </assignments>
    <assignments>
        <description>Assigning the Account IDs to a collection variable</description>
        <name>Assigning_the_Account_IDs_to_a_collection_variable</name>
        <label>Assigning the Account IDs to a collection variable</label>
        <locationX>0</locationX>
        <locationY>0</locationY>
        <assignmentItems>
            <assignToReference>HouseholdPartyIDs</assignToReference>
            <operator>Add</operator>
            <value>
                <elementReference>Looping_the_related_Parties.Id</elementReference>
            </value>
        </assignmentItems>
        <connector>
            <targetReference>Looping_the_related_Parties</targetReference>
        </connector>
    </assignments>
    <assignments>
        <description>Finalizing Life Events JSON String for payload</description>
        <name>Finalize_Life_Events_JSON_String</name>
        <label>Finalize Life Events JSON String</label>
        <locationX>0</locationX>
        <locationY>0</locationY>
        <assignmentItems>
            <assignToReference>CuratedEventsCollectionsJson</assignToReference>
            <operator>Add</operator>
            <value>
                <stringValue>]</stringValue>
            </value>
        </assignmentItems>
    </assignments>
    <assignments>
        <description>Initializing Curated Events JSON String for payload</description>
        <name>Initializing_Curated_Events_JSON_String</name>
        <label>Initializing Curated Events JSON String</label>
        <locationX>0</locationX>
        <locationY>0</locationY>
        <assignmentItems>
            <assignToReference>CuratedEventsCollectionsJson</assignToReference>
            <operator>Assign</operator>
            <value>
                <stringValue>[</stringValue>
            </value>
        </assignmentItems>
        <connector>
            <targetReference>Looping_Curated_Event_records</targetReference>
        </connector>
    </assignments>
    <assignments>
        <name>Set_FirstCuratedEventRecord_to_True</name>
        <label>Set FirstCuratedEventRecord to True</label>
        <locationX>0</locationX>
        <locationY>0</locationY>
        <assignmentItems>
            <assignToReference>FirstCuratedEventRecord</assignToReference>
            <operator>Assign</operator>
            <value>
                <booleanValue>true</booleanValue>
            </value>
        </assignmentItems>
        <connector>
            <targetReference>Assigning_JSON_Payload</targetReference>
        </connector>
    </assignments>
    <decisions>
        <description>Checking if campaign passed the filter criteria for date range</description>
        <name>Checking_if_Campaign_is_populated</name>
        <label>Checking if Campaign is populated</label>
        <locationX>0</locationX>
        <locationY>0</locationY>
        <defaultConnector>
            <targetReference>Looping_Curated_Event_records</targetReference>
        </defaultConnector>
        <defaultConnectorLabel>No campaign found</defaultConnectorLabel>
        <rules>
            <name>Campaign_is_present</name>
            <conditionLogic>and</conditionLogic>
            <conditions>
                <leftValueReference>Looping_Curated_Event_records.Campaign.StartDate</leftValueReference>
                <operator>GreaterThanOrEqualTo</operator>
                <rightValue>
                    <elementReference>Last30days</elementReference>
                </rightValue>
            </conditions>
            <connector>
                <targetReference>Is_First_Loop</targetReference>
            </connector>
            <label>Campaign is present</label>
        </rules>
    </decisions>
    <decisions>
        <description>Checking if event records are fetched</description>
        <name>Checking_if_event_records_are_fetched</name>
        <label>Checking if event records are fetched</label>
        <locationX>0</locationX>
        <locationY>0</locationY>
        <defaultConnector>
            <targetReference>Assigning_Empty_Collection</targetReference>
        </defaultConnector>
        <defaultConnectorLabel>No event records fetched</defaultConnectorLabel>
        <rules>
            <name>Event_Records_are_fetched</name>
            <conditionLogic>and</conditionLogic>
            <conditions>
                <leftValueReference>Fetching_Curated_Events</leftValueReference>
                <operator>IsNull</operator>
                <rightValue>
                    <booleanValue>false</booleanValue>
                </rightValue>
            </conditions>
            <conditions>
                <leftValueReference>Fetching_Curated_Events</leftValueReference>
                <operator>IsEmpty</operator>
                <rightValue>
                    <booleanValue>false</booleanValue>
                </rightValue>
            </conditions>
            <connector>
                <targetReference>Initializing_Curated_Events_JSON_String</targetReference>
            </connector>
            <label>Event Records are fetched</label>
        </rules>
    </decisions>
    <decisions>
        <description>Checking if Parent Account ID is Null for fetching household parties</description>
        <name>Checking_if_Parent_Account_ID_is_Null</name>
        <label>Checking if Parent Account ID is Null</label>
        <locationX>0</locationX>
        <locationY>0</locationY>
        <defaultConnector>
            <targetReference>Assigning_Primary_Party_Account_ID</targetReference>
        </defaultConnector>
        <defaultConnectorLabel>Parent Account ID is Null</defaultConnectorLabel>
        <rules>
            <name>Parent_Account_ID_is_present</name>
            <conditionLogic>and</conditionLogic>
            <conditions>
                <leftValueReference>Fetch_Primary_Party.ParentId</leftValueReference>
                <operator>IsNull</operator>
                <rightValue>
                    <booleanValue>false</booleanValue>
                </rightValue>
            </conditions>
            <conditions>
                <leftValueReference>Fetch_Primary_Party.ParentId</leftValueReference>
                <operator>IsBlank</operator>
                <rightValue>
                    <booleanValue>false</booleanValue>
                </rightValue>
            </conditions>
            <connector>
                <targetReference>Fetch_Household_and_Non_Individual_Record_Types</targetReference>
            </connector>
            <label>Parent Account ID is present</label>
        </rules>
    </decisions>
    <decisions>
        <name>Is_First_Loop</name>
        <label>Is First Loop</label>
        <locationX>0</locationX>
        <locationY>0</locationY>
        <defaultConnector>
            <targetReference>Assigning_Comma_Seperator</targetReference>
        </defaultConnector>
        <defaultConnectorLabel>Not First Loop</defaultConnectorLabel>
        <rules>
            <name>First_Loop</name>
            <conditionLogic>and</conditionLogic>
            <conditions>
                <leftValueReference>FirstCuratedEventRecord</leftValueReference>
                <operator>EqualTo</operator>
                <rightValue>
                    <booleanValue>false</booleanValue>
                </rightValue>
            </conditions>
            <connector>
                <targetReference>Set_FirstCuratedEventRecord_to_True</targetReference>
            </connector>
            <label>First Loop</label>
        </rules>
    </decisions>
    <description>Finds curated events and campaigns attended by household members.</description>
    <environments>Default</environments>
    <formulas>
        <description>Time range from last month</description>
        <name>Last30days</name>
        <dataType>Date</dataType>
        <expression>TODAY() - 30</expression>
    </formulas>
    <interviewLabel>F_GET_CuratedEvents {!$Flow.CurrentDateTime}</interviewLabel>
    <label>F_GET_CuratedEvents</label>
    <loops>
        <description>Looping Curated Event records</description>
        <name>Looping_Curated_Event_records</name>
        <label>Looping Curated Event records</label>
        <locationX>0</locationX>
        <locationY>0</locationY>
        <collectionReference>Fetching_Curated_Events</collectionReference>
        <iterationOrder>Asc</iterationOrder>
        <nextValueConnector>
            <targetReference>Checking_if_Campaign_is_populated</targetReference>
        </nextValueConnector>
        <noMoreValuesConnector>
            <targetReference>Finalize_Life_Events_JSON_String</targetReference>
        </noMoreValuesConnector>
    </loops>
    <loops>
        <name>Looping_RecordType_Records</name>
        <label>Looping RecordType Records</label>
        <locationX>0</locationX>
        <locationY>0</locationY>
        <collectionReference>Fetch_Household_and_Non_Individual_Record_Types</collectionReference>
        <iterationOrder>Asc</iterationOrder>
        <nextValueConnector>
            <targetReference>Assigning_RecordTypeId_to_check_party_records</targetReference>
        </nextValueConnector>
        <noMoreValuesConnector>
            <targetReference>Fetch_Household_related_Parties</targetReference>
        </noMoreValuesConnector>
    </loops>
    <loops>
        <description>Loop for traversing the related party records</description>
        <name>Looping_the_related_Parties</name>
        <label>Looping the related Parties</label>
        <locationX>0</locationX>
        <locationY>0</locationY>
        <collectionReference>Fetch_Household_related_Parties</collectionReference>
        <iterationOrder>Asc</iterationOrder>
        <nextValueConnector>
            <targetReference>Assigning_the_Account_IDs_to_a_collection_variable</targetReference>
        </nextValueConnector>
        <noMoreValuesConnector>
            <targetReference>Fetching_Curated_Events</targetReference>
        </noMoreValuesConnector>
    </loops>
    <processMetadataValues>
        <name>BuilderType</name>
        <value>
            <stringValue>LightningFlowBuilder</stringValue>
        </value>
    </processMetadataValues>
    <processMetadataValues>
        <name>CanvasMode</name>
        <value>
            <stringValue>AUTO_LAYOUT_CANVAS</stringValue>
        </value>
    </processMetadataValues>
    <processMetadataValues>
        <name>OriginBuilderType</name>
        <value>
            <stringValue>LightningFlowBuilder</stringValue>
        </value>
    </processMetadataValues>
    <processType>AutoLaunchedFlow</processType>
    <recordLookups>
        <name>Fetch_Household_and_Non_Individual_Record_Types</name>
        <label>Fetch Household and Non-Individual Record Types</label>
        <locationX>0</locationX>
        <locationY>0</locationY>
        <assignNullValuesIfNoRecordsFound>false</assignNullValuesIfNoRecordsFound>
        <connector>
            <targetReference>Looping_RecordType_Records</targetReference>
        </connector>
        <filterLogic>or</filterLogic>
        <filters>
            <field>DeveloperName</field>
            <operator>EqualTo</operator>
            <value>
                <stringValue>Household</stringValue>
            </value>
        </filters>
        <filters>
            <field>DeveloperName</field>
            <operator>EqualTo</operator>
            <value>
                <stringValue>Non_Individual</stringValue>
            </value>
        </filters>
        <getFirstRecordOnly>false</getFirstRecordOnly>
        <object>RecordType</object>
        <storeOutputAutomatically>true</storeOutputAutomatically>
    </recordLookups>
    <recordLookups>
        <description>Fetching the related parties of the same household as the primary party</description>
        <name>Fetch_Household_related_Parties</name>
        <label>Fetch Household related Parties</label>
        <locationX>0</locationX>
        <locationY>0</locationY>
        <assignNullValuesIfNoRecordsFound>false</assignNullValuesIfNoRecordsFound>
        <connector>
            <targetReference>Looping_the_related_Parties</targetReference>
        </connector>
        <filterLogic>(1 AND 2) OR 3</filterLogic>
        <filters>
            <field>ParentId</field>
            <operator>EqualTo</operator>
            <value>
                <elementReference>Fetch_Primary_Party.ParentId</elementReference>
            </value>
        </filters>
        <filters>
            <field>RecordTypeId</field>
            <operator>NotIn</operator>
            <value>
                <elementReference>excludedRecordTypeId</elementReference>
            </value>
        </filters>
        <filters>
            <field>Id</field>
            <operator>EqualTo</operator>
            <value>
                <elementReference>Fetch_Primary_Party.Id</elementReference>
            </value>
        </filters>
        <getFirstRecordOnly>false</getFirstRecordOnly>
        <object>Account</object>
        <storeOutputAutomatically>true</storeOutputAutomatically>
    </recordLookups>
    <recordLookups>
        <description>Fetching primary party record using input account ID</description>
        <name>Fetch_Primary_Party</name>
        <label>Fetch Primary Party</label>
        <locationX>0</locationX>
        <locationY>0</locationY>
        <assignNullValuesIfNoRecordsFound>false</assignNullValuesIfNoRecordsFound>
        <connector>
            <targetReference>Checking_if_Parent_Account_ID_is_Null</targetReference>
        </connector>
        <filterLogic>and</filterLogic>
        <filters>
            <field>Id</field>
            <operator>EqualTo</operator>
            <value>
                <elementReference>accID</elementReference>
            </value>
        </filters>
        <getFirstRecordOnly>true</getFirstRecordOnly>
        <object>Account</object>
        <storeOutputAutomatically>true</storeOutputAutomatically>
    </recordLookups>
    <recordLookups>
        <description>Fetching Campaign member records for each Campaign</description>
        <name>Fetching_Curated_Events</name>
        <label>Fetching Curated Events</label>
        <locationX>0</locationX>
        <locationY>0</locationY>
        <assignNullValuesIfNoRecordsFound>false</assignNullValuesIfNoRecordsFound>
        <connector>
            <targetReference>Checking_if_event_records_are_fetched</targetReference>
        </connector>
        <filterLogic>and</filterLogic>
        <filters>
            <field>AccountId</field>
            <operator>In</operator>
            <value>
                <elementReference>HouseholdPartyIDs</elementReference>
            </value>
        </filters>
        <filters>
            <field>Attended__c</field>
            <operator>EqualTo</operator>
            <value>
                <booleanValue>true</booleanValue>
            </value>
        </filters>
        <getFirstRecordOnly>false</getFirstRecordOnly>
        <object>CampaignMember</object>
        <queriedFields>AccountId</queriedFields>
        <queriedFields>Attended__c</queriedFields>
        <queriedFields>CampaignId</queriedFields>
        <queriedFields>Id</queriedFields>
        <queriedFields>City</queriedFields>
        <queriedFields>CompanyOrAccount</queriedFields>
        <queriedFields>ContactId</queriedFields>
        <queriedFields>Country</queriedFields>
        <queriedFields>CreatedById</queriedFields>
        <queriedFields>CreatedDate</queriedFields>
        <queriedFields>IsDeleted</queriedFields>
        <queriedFields>Description</queriedFields>
        <queriedFields>DoNotCall</queriedFields>
        <queriedFields>Email</queriedFields>
        <queriedFields>HasOptedOutOfEmail</queriedFields>
        <queriedFields>Fax</queriedFields>
        <queriedFields>HasOptedOutOfFax</queriedFields>
        <queriedFields>FirstName</queriedFields>
        <queriedFields>FirstRespondedDate</queriedFields>
        <queriedFields>LastModifiedById</queriedFields>
        <queriedFields>LastModifiedDate</queriedFields>
        <queriedFields>LastName</queriedFields>
        <queriedFields>LeadId</queriedFields>
        <queriedFields>LeadSource</queriedFields>
        <queriedFields>MobilePhone</queriedFields>
        <queriedFields>Name</queriedFields>
        <queriedFields>Phone</queriedFields>
        <queriedFields>LeadOrContactId</queriedFields>
        <queriedFields>LeadOrContactOwnerId</queriedFields>
        <queriedFields>HasResponded</queriedFields>
        <queriedFields>RSVP__c</queriedFields>
        <queriedFields>Salutation</queriedFields>
        <queriedFields>State</queriedFields>
        <queriedFields>Status</queriedFields>
        <queriedFields>Street</queriedFields>
        <queriedFields>SystemModstamp</queriedFields>
        <queriedFields>Title</queriedFields>
        <queriedFields>Type</queriedFields>
        <queriedFields>PostalCode</queriedFields>
        <relatedRecords>
            <filterLogic>and</filterLogic>
            <filters>
                <field>StartDate</field>
                <operator>GreaterThan</operator>
                <value>
                    <elementReference>Last30days</elementReference>
                </value>
            </filters>
            <getFirstRecordOnly>true</getFirstRecordOnly>
            <queriedFields>Id</queriedFields>
            <queriedFields>Name</queriedFields>
            <queriedFields>StartDate</queriedFields>
            <relatedObject>Campaign</relatedObject>
            <relationshipField>Campaign</relationshipField>
        </relatedRecords>
        <relatedRecords>
            <getFirstRecordOnly>true</getFirstRecordOnly>
            <queriedFields>Id</queriedFields>
            <queriedFields>Name</queriedFields>
            <relatedObject>Account</relatedObject>
            <relationshipField>Account</relationshipField>
        </relatedRecords>
        <storeOutputAutomatically>true</storeOutputAutomatically>
    </recordLookups>
    <start>
        <locationX>0</locationX>
        <locationY>0</locationY>
        <connector>
            <targetReference>Fetch_Primary_Party</targetReference>
        </connector>
    </start>
    <status>Active</status>
    <variables>
        <description>Variable to store the input account ID</description>
        <name>accID</name>
        <dataType>String</dataType>
        <isCollection>false</isCollection>
        <isInput>true</isInput>
        <isOutput>false</isOutput>
    </variables>
    <variables>
        <description>Variable to store the JSON payload for Curated Events records</description>
        <name>CuratedEventsCollectionsJson</name>
        <dataType>String</dataType>
        <isCollection>false</isCollection>
        <isInput>false</isInput>
        <isOutput>true</isOutput>
    </variables>
    <variables>
        <description>Variable to store Household and Non-Individual record type record ID</description>
        <name>excludedRecordTypeId</name>
        <dataType>String</dataType>
        <isCollection>true</isCollection>
        <isInput>false</isInput>
        <isOutput>false</isOutput>
    </variables>
    <variables>
        <description>Indicates whether the first First Event record in the loop has been processed</description>
        <name>FirstCuratedEventRecord</name>
        <dataType>Boolean</dataType>
        <isCollection>false</isCollection>
        <isInput>false</isInput>
        <isOutput>false</isOutput>
        <value>
            <booleanValue>false</booleanValue>
        </value>
    </variables>
    <variables>
        <description>Variable to store all the IDs of related party records</description>
        <name>HouseholdPartyIDs</name>
        <dataType>String</dataType>
        <isCollection>true</isCollection>
        <isInput>false</isInput>
        <isOutput>false</isOutput>
    </variables>
</Flow>
