<?xml version="1.0" encoding="UTF-8"?>
<CustomField xmlns="http://soap.sforce.com/2006/04/metadata">
    <fullName>AF_Enabled__c</fullName>
    <defaultValue>true</defaultValue>
    <description>Indicates whether or not the value should be synced when the parent action is executed.</description>
    <inlineHelpText>Indicates whether or not the value should be synced when the parent action is executed.</inlineHelpText>
    <label>Enabled</label>
    <trackTrending>false</trackTrending>
    <type>Checkbox</type>
</CustomField>
