<?xml version="1.0" encoding="UTF-8"?>
<CustomField xmlns="http://soap.sforce.com/2006/04/metadata">
    <fullName>AF_Field_Value__c</fullName>
    <description>The value that should be set as part of this particular data.</description>
    <inlineHelpText>The value that should be set as part of this particular data</inlineHelpText>
    <label>Field Value</label>
    <length>131072</length>
    <trackTrending>false</trackTrending>
    <type>LongTextArea</type>
    <visibleLines>3</visibleLines>
</CustomField>
