<?xml version="1.0" encoding="UTF-8"?>
<CustomField xmlns="http://soap.sforce.com/2006/04/metadata">
    <fullName>AF_Field_Name__c</fullName>
    <description>The Salesforce API Name of the field that should be manipulated.</description>
    <externalId>false</externalId>
    <inlineHelpText>The Salesforce API Name of the field that should be manipulated.</inlineHelpText>
    <label>Field Name</label>
    <length>100</length>
    <required>false</required>
    <trackTrending>false</trackTrending>
    <type>Text</type>
    <unique>false</unique>
</CustomField>
