<?xml version="1.0" encoding="UTF-8"?>
<CustomField xmlns="http://soap.sforce.com/2006/04/metadata">
    <fullName>AF_Meeting_Note_Action__c</fullName>
    <description>The parent Meeting Note Action that this data relates to.</description>
    <inlineHelpText>The parent Meeting Note Action that this data relates to.</inlineHelpText>
    <label>Meeting Note Action</label>
    <referenceTo>AF_Meeting_Note_Action__c</referenceTo>
    <relationshipLabel>Meeting Note Action Data</relationshipLabel>
    <relationshipName>AF_Meeting_Note_Action_Data</relationshipName>
    <relationshipOrder>0</relationshipOrder>
    <reparentableMasterDetail>false</reparentableMasterDetail>
    <trackTrending>false</trackTrending>
    <type>MasterDetail</type>
    <writeRequiresMasterRead>false</writeRequiresMasterRead>
</CustomField>
