<?xml version="1.0" encoding="UTF-8"?>
<CustomField xmlns="http://soap.sforce.com/2006/04/metadata">
    <fullName>AF_Source_Excerpt__c</fullName>
    <description>The specific text from the original source that inspired this data action.</description>
    <externalId>false</externalId>
    <inlineHelpText>The specific text from the original source that inspired this data action.</inlineHelpText>
    <label>Source Excerpt</label>
    <length>200</length>
    <required>false</required>
    <trackTrending>false</trackTrending>
    <type>Text</type>
    <unique>false</unique>
</CustomField>
