<?xml version="1.0" encoding="UTF-8"?>
<CustomField xmlns="http://soap.sforce.com/2006/04/metadata">
    <fullName>AF_Action_Name__c</fullName>
    <description>A &quot;verb-subject&quot; pairing describing the action. For example &quot;Update Opportunity&quot;.</description>
    <externalId>false</externalId>
    <inlineHelpText>A &quot;verb-subject&quot; pairing describing the action. For example &quot;Update Opportunity&quot;.</inlineHelpText>
    <label>Action Name</label>
    <length>50</length>
    <required>false</required>
    <trackTrending>false</trackTrending>
    <type>Text</type>
    <unique>false</unique>
</CustomField>
