<?xml version="1.0" encoding="UTF-8"?>
<CustomField xmlns="http://soap.sforce.com/2006/04/metadata">
    <fullName>AF_Object_Name__c</fullName>
    <description>The API Name of the object that this action will act upon.</description>
    <externalId>false</externalId>
    <inlineHelpText>The API Name of the object that this action will act upon.</inlineHelpText>
    <label>Object Name</label>
    <length>50</length>
    <required>false</required>
    <trackTrending>false</trackTrending>
    <type>Text</type>
    <unique>false</unique>
</CustomField>
