<?xml version="1.0" encoding="UTF-8"?>
<CustomField xmlns="http://soap.sforce.com/2006/04/metadata">
    <fullName>AF_Related_Record_Page__c</fullName>
    <externalId>false</externalId>
    <formula>HYPERLINK(&apos;/&apos; &amp;  AF_Record_ID__c, &apos;Related Record&apos;)</formula>
    <formulaTreatBlanksAs>BlankAsZero</formulaTreatBlanksAs>
    <label>Related Record Page</label>
    <required>false</required>
    <trackTrending>false</trackTrending>
    <type>Text</type>
    <unique>false</unique>
</CustomField>
