<?xml version="1.0" encoding="UTF-8"?>
<CustomField xmlns="http://soap.sforce.com/2006/04/metadata">
    <fullName>AF_Record_ID__c</fullName>
    <description>The 15 or 18 character Salesforce ID of the record this this action should be acted upon.</description>
    <externalId>true</externalId>
    <inlineHelpText>The 15 or 18 character Salesforce ID of the record this this action should be acted upon.</inlineHelpText>
    <label>Record ID</label>
    <length>18</length>
    <required>false</required>
    <trackTrending>false</trackTrending>
    <type>Text</type>
    <unique>false</unique>
</CustomField>
