<?xml version="1.0" encoding="UTF-8"?>
<CustomField xmlns="http://soap.sforce.com/2006/04/metadata">
    <fullName>AF_Status__c</fullName>
    <description>The status of the action</description>
    <label>Status</label>
    <required>false</required>
    <trackTrending>false</trackTrending>
    <type>Picklist</type>
    <valueSet>
        <restricted>true</restricted>
        <valueSetDefinition>
            <sorted>false</sorted>
            <value>
                <fullName>Requires Review</fullName>
                <default>true</default>
                <label>Requires Review</label>
            </value>
            <value>
                <fullName>Canceled</fullName>
                <default>false</default>
                <label>Canceled</label>
            </value>
            <value>
                <fullName>Error</fullName>
                <default>false</default>
                <label>Error</label>
            </value>
            <value>
                <fullName>Saved Successfully</fullName>
                <default>false</default>
                <label>Saved Successfully</label>
            </value>
        </valueSetDefinition>
    </valueSet>
</CustomField>
