<?xml version="1.0" encoding="UTF-8"?>
<CustomMetadata xmlns="http://soap.sforce.com/2006/04/metadata" xmlns:xsi="http://www.w3.org/2001/XMLSchema-instance" xmlns:xsd="http://www.w3.org/2001/XMLSchema">
    <label>Opportunity Object</label>
    <protected>false</protected>
    <values>
        <field>Object_API_Name__c</field>
        <value xsi:type="xsd:string">Opportunity</value>
    </values>
    <values>
        <field>Supported_Fields__c</field>
        <value xsi:type="xsd:string">AF_Client_Name__c,StageName,LeadSource,OwnerId,AF_Legacy_ID__c,CloseDate,Name,Amount,Description</value>
    </values>
</CustomMetadata>
